0_RfR 0,0_RfR 1,0_RfR 2,1_RfR 0,1_RfR 1,1_RfR 2,2_RfR 0,2_RfR 1,2_RfR 2,3_RfR 0,3_RfR 1,3_RfR 2,4_RfR 0,4_RfR 1,4_RfR 2,EWS_DaysToThreat,A.1_DikeIncrease 0,A.1_DikeIncrease 1,A.1_DikeIncrease 2,A.2_DikeIncrease 0,A.2_DikeIncrease 1,A.2_DikeIncrease 2,A.3_DikeIncrease 0,A.3_DikeIncrease 1,A.3_DikeIncrease 2,A.4_DikeIncrease 0,A.4_DikeIncrease 1,A.4_DikeIncrease 2,A.5_DikeIncrease 0,A.5_DikeIncrease 1,A.5_DikeIncrease 2,Gelderland Expected Number of Deaths,Overijssel Expected Annual Damage,Overijssel Dike Investment Costs,Overijssel Expected Number of Deaths,RfR Total Costs,Expected Evacuation Costs
1,0,0,0,0,1,0,0,1,1,0,0,0,1,0,3,6,8,4,8,7,8,7,0,6,5,2,4,7,0,10,0.00020749178727241666,51855.89363589128,149804507.6425202,3.878623845163398e-06,710400000.0,71.2239871920782
0,0,0,0,0,0,0,1,1,1,0,0,1,0,0,1,4,10,10,5,4,9,8,6,0,1,5,5,2,1,4,0.031033034617639878,42612325.79250081,122581583.09942894,0.013932797876560498,438700000.0,3277.918232369365
0,0,1,0,0,0,1,1,0,0,0,1,0,0,1,1,4,5,1,6,7,0,8,7,3,3,3,0,4,0,4,0.023447203455369967,12938882.582818605,89358885.28495976,0.004394736526811385,523300000.0,1604.4497834760962
1,0,0,0,0,0,1,1,1,0,0,1,1,1,0,4,7,2,8,5,9,0,5,1,3,10,10,1,6,2,0,0.0004735469666063435,0.0,135297748.263953,0.0,810100000.0,148.14571013981083
0,1,1,0,0,1,1,1,0,1,0,1,0,0,1,0,1,3,5,1,8,2,1,7,10,4,7,5,7,0,1,0.18973099905710783,85863.58032228042,117896264.69359013,4.931036957341694e-05,946900000.0,0.0
1,0,1,1,0,0,1,1,0,1,0,1,0,0,0,0,5,3,0,0,9,5,4,3,3,3,1,1,4,0,0,0.06184715201590464,7127426.793160412,56051728.752538845,0.005550381573284171,690800000.0,0.0
1,1,0,1,1,1,1,1,0,1,0,1,1,1,1,4,9,5,8,9,1,1,6,9,9,5,2,3,6,2,0,0.0,0.0,104448822.37493685,0.0,1894700000.0,0.0
0,0,0,0,0,0,1,0,0,0,0,1,0,0,0,1,1,10,5,6,7,5,1,5,6,1,2,2,4,2,6,0.27911889813219903,14839620.08340488,136204735.3976811,0.0032114349983389766,151900000.0,7134.316022445377
0,0,1,0,0,0,0,1,1,1,0,0,0,0,0,2,1,7,3,4,3,1,5,8,4,4,6,5,0,5,3,0.014585201412237457,86955481.8238501,112161790.08261627,0.01106302759869818,267200000.0,8319.528913711423
0,0,1,0,0,0,0,1,1,1,0,1,0,0,0,0,5,8,9,2,10,8,7,4,9,6,8,1,9,2,5,0.06499061738768644,0.0,185917758.12537727,0.0,388400000.0,0.0
0,0,0,0,0,0,0,0,0,0,0,0,0,1,0,3,9,1,3,10,2,1,9,4,7,7,6,10,7,0,5,4.7152186089899565e-05,219925.03533971976,152330787.63032863,3.6845737221537964e-05,256100000.00000003,29.283482361037258
1,0,1,0,0,0,0,0,1,1,1,1,1,1,1,0,7,3,1,1,6,8,4,1,10,3,4,2,4,2,0,0.07476478100921394,15973.29023992774,93375580.89843604,8.554874399178383e-06,1331800000.0,0.0
0,0,0,0,0,0,1,1,1,0,0,0,0,0,1,0,10,9,8,10,1,1,7,10,4,7,6,1,9,6,7,0.0,0.0,220731778.3444891,0.0,348200000.0,0.0
0,1,0,0,0,1,1,1,0,1,0,1,0,1,0,0,1,10,0,1,9,4,1,10,5,6,4,1,7,0,6,0.3002875683817949,0.0,128438325.25883912,0.0,862300000.0,0.0
1,0,1,0,0,0,0,0,0,1,0,0,0,0,0,2,2,3,0,2,5,9,7,8,2,5,4,7,0,2,4,0.03808936436423235,82705820.70733799,105110416.3928903,0.009192089721723378,290400000.0,11246.34416869227
0,0,1,0,0,0,1,1,0,0,0,1,0,0,1,0,4,5,0,1,6,4,4,0,0,3,1,6,4,1,6,0.2347526635620527,2107191.698975603,139498728.53782928,0.0013223169720248623,523300000.0,0.0
1,0,0,1,0,0,0,0,0,1,1,0,0,0,0,0,3,4,0,6,6,5,4,7,4,3,2,6,5,0,0,0.15215470510902482,4171543.5279772286,68128752.48482962,0.0025279058324897477,544800000.0,0.0
0,1,0,1,0,0,1,1,0,1,0,1,0,0,0,0,3,7,0,5,5,8,8,0,5,4,1,1,9,0,0,0.029146074256240335,390552.731429121,77516353.30375046,0.0002810196019635052,606200000.0,0.0
1,1,0,0,0,0,1,1,1,1,0,1,1,0,0,3,5,10,0,5,9,6,4,9,2,6,5,5,9,0,3,0.001008098867319611,0.0,136328494.2181832,0.0,759800000.0,378.9462188177699
0,0,1,0,1,0,0,0,1,0,0,1,0,0,0,0,5,9,5,2,9,7,4,4,5,9,6,1,6,1,5,0.0816459599847715,0.0,162942943.63820943,0.0,454300000.0,0.0
0,0,1,0,0,0,1,1,0,0,0,1,1,0,0,0,5,3,7,3,9,6,6,3,0,4,4,6,3,6,4,0.06006469308857722,16242136.687367484,157312180.57754984,0.01203095917031134,523300000.0,0.0
1,0,1,1,0,0,0,1,0,1,0,1,1,0,1,0,7,5,0,4,1,4,5,6,8,4,4,2,4,4,0,0.03225570132490115,20687.993137682544,101933833.09557414,1.1926193658426188e-05,1172300000.0,0.0
0,0,1,1,0,1,1,0,0,1,1,1,0,0,1,1,3,4,7,6,5,4,0,7,8,5,6,5,5,0,0,0.11969438618855177,0.0,78652664.82791628,0.0,1170600000.0,5035.295266366344
1,0,0,1,0,0,0,1,0,1,0,0,0,0,0,0,1,4,3,6,6,6,5,7,4,0,2,6,4,0,3,0.0955352342481877,26813060.43113084,88888132.60432169,0.018173008095004984,454300000.0,0.0
0,1,0,1,1,0,1,1,0,0,0,1,0,1,0,3,7,0,7,9,1,4,8,7,9,9,7,9,7,0,2,0.0,0.0,147586721.69964084,0.0,958900000.0,0.0
0,0,1,0,0,0,0,0,0,0,0,0,0,0,0,3,5,2,3,2,5,4,7,7,0,5,5,0,2,2,8,0.009912386404636611,76010605.5531731,136671050.14911777,0.006835860844650314,84600000.0,12829.09733502327
1,0,1,0,0,0,0,0,0,1,1,1,1,1,1,0,0,3,1,1,6,7,1,1,5,3,5,5,4,0,0,0.7849227923428148,15973.29023992774,68555507.26446983,8.554874399178383e-06,1301100000.0,0.0
0,1,0,0,0,0,1,0,1,1,0,1,0,0,0,1,1,3,3,1,8,5,6,0,0,0,6,5,0,0,6,0.09565598828013783,58394541.96368666,66401207.0488669,0.01662967113059509,388400000.0,7410.893378794406
0,0,1,0,0,0,0,1,0,0,0,1,1,0,0,4,5,7,7,0,7,2,7,3,0,4,0,1,4,0,3,0.01796348309602607,5294130.3171193665,85019962.25472648,0.0005539667437329616,492600000.0,8648.361553820872
0,1,0,0,0,1,1,1,1,0,1,1,0,1,0,3,7,3,6,7,3,5,9,2,2,0,1,4,0,5,0,1.228336074839708e-05,47283807.849876896,53023964.63325918,0.004848041738374802,893000000.0,3070.6388118305836
0,0,1,0,1,0,1,0,1,1,0,0,0,0,0,3,4,2,0,5,2,8,7,8,5,6,4,0,3,1,4,0.0014933825011601636,20886629.10792664,120669654.12712164,0.0019378930579266357,485000000.0,1923.9074285588113
1,0,0,0,0,1,1,1,0,1,0,0,0,1,0,0,6,1,0,5,5,1,1,5,5,5,4,6,7,0,2,0.09808218170990779,51855.89363589128,118652775.1864902,3.232186537636166e-05,741100000.0,0.0
0,0,0,0,0,0,1,1,0,1,1,1,0,0,0,1,5,10,3,7,0,8,9,1,7,1,9,0,1,7,2,0.02529162442625843,13678230.843716023,131908912.14075959,0.004219895987505778,425000000.0,1171.9717592036932
1,0,0,1,0,1,0,1,0,0,0,1,0,0,0,4,6,8,4,1,10,1,5,4,6,6,5,2,6,0,4,0.008204392320441307,192741.07347199778,117844049.74212964,3.206605399704943e-05,672100000.0,4754.943568412862
0,0,1,0,0,0,1,1,0,1,0,1,0,0,0,1,6,5,4,6,4,4,1,3,10,6,7,5,6,1,3,0.03212333135801265,0.0,156467977.79424486,0.0,388400000.0,1210.6759998100724
1,0,1,0,0,0,0,0,0,1,1,0,0,0,0,1,5,2,0,2,3,9,7,8,2,5,4,1,3,2,4,0.016208654638899672,1879431.7112094215,131427852.62993138,0.0006033258555626423,411600000.0,1412.5660977372181
1,1,0,1,0,1,0,1,1,1,0,0,0,0,0,4,1,7,7,3,4,8,7,1,6,5,1,4,7,0,0,0.0022793384436507603,335337.8449606944,74600091.62942469,3.174823484975608e-05,787400000.0,1079.6265432389575
0,0,1,1,0,0,1,1,0,1,0,0,0,0,0,0,3,4,0,1,9,5,4,7,0,2,2,6,5,1,7,0.18090444910278794,6583278.012898348,149929458.3950483,0.004150957662019861,485000000.0,0.0
1,0,0,0,0,0,0,0,0,1,0,0,0,0,1,0,2,2,4,1,1,0,0,4,5,7,5,2,4,6,0,1.3141709311010774,0.0,118682842.73140416,0.0,461900000.0,0.0
0,1,1,0,0,0,0,1,1,0,0,1,0,0,0,3,4,10,0,2,2,0,10,3,4,3,0,4,0,0,3,0.005498870603882679,130474962.8851133,49528357.006348066,0.012544094889628852,351800000.0,17062.631593760783
1,0,1,0,0,0,0,1,0,1,0,0,0,0,0,0,7,5,4,4,4,6,10,7,3,2,7,5,0,1,5,0.008141511552840172,148083171.70462862,100529394.6763018,0.12938892352157436,321100000.0,0.0
1,0,1,0,0,1,0,0,0,1,1,0,0,1,1,0,0,0,0,7,6,1,1,6,5,5,4,6,7,0,0,1.2426381678288114,0.0,83761852.78756303,0.0,1141600000.0,0.0
0,0,0,1,0,1,0,1,1,0,1,1,1,1,0,0,7,2,6,10,3,2,9,4,2,0,2,4,0,4,0,0.0,54282485.66743992,51078298.950567864,0.04626845172582042,1251600000.0,0.0
1,0,0,0,1,0,0,0,0,0,1,0,0,0,0,0,5,2,0,1,0,4,2,8,1,3,1,6,3,2,3,0.6843954611032613,3498758.370860087,126600094.22498769,0.0019364865973919869,423600000.0,0.0
0,0,1,0,0,0,0,0,1,0,0,1,0,0,0,2,4,2,1,5,9,3,5,4,6,0,10,1,2,0,9,0.014432028174303842,51597688.49612415,113613433.93367235,0.006232358523808897,236500000.0,6228.94751269168
1,0,1,0,0,0,0,1,0,1,0,0,0,0,0,1,5,6,6,2,2,9,7,7,5,4,5,3,0,2,4,0.01548676562879436,83349377.2971676,97069907.21475038,0.02218674007194944,321100000.0,6063.927767983838
0,1,0,1,0,1,0,1,0,1,1,1,0,0,1,2,3,5,1,6,4,7,0,7,6,5,7,5,5,0,0,0.04987266091189658,0.0,81181669.69072722,0.0,1170600000.0,8359.3769070535
1,1,1,1,0,1,1,1,1,1,1,1,0,0,0,3,5,0,0,10,9,6,4,8,1,4,5,5,4,0,0,4.0153857750866936e-05,1174910.0294279016,70710510.46649672,9.7123960009598e-05,1145100000.0,104.27417578590354
1,0,0,0,0,0,1,1,0,1,0,1,0,0,0,2,6,4,2,1,7,7,10,5,4,2,6,0,0,7,1,0.006105102129143935,26469840.336370673,96663054.62071538,0.002853370784863238,388400000.0,4063.136745009503
1,0,0,0,0,0,0,0,0,0,1,1,0,0,0,4,7,5,1,6,5,3,5,0,4,5,9,1,5,3,4,0.008464218486221385,23539.95905452392,158900365.74037224,1.8010453241969376e-06,327000000.0,1990.0332544947237
1,0,0,0,0,0,1,0,0,1,1,0,0,0,0,3,5,3,5,9,0,6,6,9,5,0,5,1,3,5,3,0.0023882264950199797,17110150.234726336,129175576.95684846,0.0009776515236980259,357700000.0,1669.031997450855
1,0,0,1,0,0,1,1,0,1,0,0,1,0,0,3,6,7,6,1,2,6,9,4,10,7,6,5,7,0,0,0.006059786619775237,0.0,91510723.48051444,0.0,741100000.0,3197.443956986702
0,1,0,0,0,0,0,0,0,1,1,1,0,1,0,0,7,3,1,4,2,5,8,1,10,7,3,1,6,2,4,0.010592395637968136,0.0,151483659.1100281,0.0,704300000.0,0.0
1,0,0,0,0,0,0,0,0,0,0,0,0,0,0,2,1,2,5,2,4,5,6,8,6,5,2,2,4,2,5,0.05240936267467275,6313297.546701612,138809633.33567864,0.0008393748332257403,84600000.0,14103.582236947737
0,1,1,0,0,0,0,1,1,0,0,0,0,0,0,3,3,6,0,4,2,0,5,3,4,4,0,5,0,0,3,0.006999099637309842,432445671.5833531,52707738.86713303,0.04385780873616413,230600000.0,30165.55263000514
1,0,1,0,1,0,0,1,0,0,1,1,0,0,1,0,0,2,7,0,5,2,6,6,1,4,7,4,7,0,0,0.33460115546130303,44751.07695078837,84232359.73984496,2.528416360689831e-05,916200000.0,0.0
0,1,0,0,0,1,1,1,0,1,0,1,0,0,0,0,1,10,7,1,4,4,1,10,6,7,3,2,7,0,6,0.37853097828251026,0.0,130362870.47418393,0.0,606200000.0,0.0
0,0,1,0,0,0,0,0,0,1,0,0,0,0,1,3,5,4,0,8,1,1,2,7,5,4,6,7,4,4,0,0.04566867794977002,3548508.8309166157,115604644.90134113,0.00030648707272256867,461900000.0,10277.903369654243
0,1,1,0,0,0,1,0,0,0,0,0,0,0,0,3,1,7,0,6,2,4,5,6,5,5,6,7,5,2,3,0.011855577380587727,4834237.322034892,154296147.72601575,0.00044627230099042947,199900000.0,2802.695041848541
0,0,1,0,0,0,0,1,1,1,0,1,0,0,0,2,6,1,3,2,3,1,10,8,4,3,6,4,0,5,3,0.004229190893597956,33585466.252000704,108073926.54519358,0.0035647508450786704,388400000.0,3753.9110995024503
1,0,1,0,0,0,1,0,0,1,0,0,0,0,0,3,6,7,9,10,1,9,7,7,6,7,10,6,9,1,1,4.5275087394811205e-05,0.0,184361546.98518005,0.0,321100000.0,9.024509760686596
1,1,0,0,0,0,0,0,0,0,1,0,0,0,0,0,5,5,7,3,3,9,7,9,10,4,10,1,3,5,4,0.04186871712648167,12391534.152932746,157717478.2031542,0.009238618277300667,290400000.0,0.0
1,0,1,0,0,0,0,0,1,1,0,0,0,1,0,0,7,2,7,5,1,8,6,1,5,2,6,2,3,2,2,0.020156610042345573,16691205.126016924,123864534.81659989,0.012740723203199142,577200000.0,0.0
0,0,1,0,0,0,1,1,0,0,0,1,0,0,0,1,6,5,5,6,7,2,1,5,10,3,6,2,3,1,6,0.04039312520548298,15433478.445089467,136406905.74267414,0.005040066324725837,267200000.0,1691.8448696590972
0,0,1,0,1,0,0,0,0,0,1,0,0,0,0,1,5,1,1,6,7,5,6,10,7,3,2,6,4,3,2,0.008359199965562154,4119310.0486225346,134437716.8062186,0.0009896971191482686,423600000.0,516.1880322164106
0,1,0,0,0,1,1,0,0,1,0,1,0,0,1,0,5,6,5,2,4,7,1,5,1,7,4,1,7,0,6,0.20679726427396333,0.0,130821048.5741566,0.0,831600000.0,0.0
0,0,1,0,0,0,0,1,0,0,0,1,0,0,1,1,1,2,2,7,7,0,9,4,1,4,0,4,0,0,0,0.05357803895316671,372164250.90000635,20785047.17797311,0.10596274864207479,492600000.0,11358.569418622987
0,1,0,0,0,0,0,0,0,0,0,0,0,0,0,3,7,6,0,6,5,4,5,7,5,5,9,6,5,2,3,0.006799244490260344,2388447.5065260744,160377949.37239233,0.00034646778505958254,84600000.0,1507.7257010234027
0,0,0,0,0,0,1,0,0,0,1,0,0,0,0,0,5,6,0,1,0,4,5,8,1,3,6,7,5,2,3,0.5741605771094792,2348368.254292529,149371766.62703085,0.0017074596282648908,151900000.0,0.0
0,0,1,0,0,0,0,1,0,0,0,0,0,0,0,1,5,5,6,5,3,1,0,7,3,3,4,3,0,2,4,0.3458331508836938,233480479.41454494,93147127.74743807,0.05866003683463662,115300000.0,16115.285769367663
1,0,0,1,0,0,1,1,0,1,0,0,0,0,0,1,9,7,1,7,0,5,4,0,4,0,3,0,1,0,0,0.012669972910516306,247831628.21809146,33490621.782781776,0.07102718582501154,485000000.0,7284.2119489980205
0,0,1,0,0,0,1,1,1,1,0,0,0,0,0,0,3,4,5,6,7,2,0,4,7,3,6,5,4,6,7,0.38641207282855355,4020299.6299637626,178637784.38950902,0.002685806947059835,297900000.0,0.0
0,0,0,1,0,0,0,1,1,0,1,0,0,1,0,3,7,2,6,8,2,9,8,4,2,7,2,3,0,3,0,0.00013907156626397494,163380813.89785436,65327771.35403373,0.01649695077694116,656500000.0,10065.306369141499
0,0,0,0,0,1,0,1,0,1,0,0,0,0,0,0,1,2,4,5,4,4,3,10,7,6,2,4,3,0,1,0.3257126988022917,35213524.27974183,92285423.21989417,0.029704003455000974,369700000.0,0.0
0,0,1,0,0,0,0,1,0,0,0,0,0,0,0,3,2,3,3,5,6,4,7,7,0,7,4,2,7,1,7,0.010683095624220523,219925.03533971976,170830446.4040973,3.6845737221537964e-05,115300000.0,2685.7108489573825
0,1,1,0,0,0,0,0,0,0,0,0,0,0,0,2,1,0,0,5,6,5,9,1,1,7,4,5,7,2,0,0.03166227992946585,0.0,121630313.64279157,0.0,169200000.0,4433.576102417294
1,0,1,0,0,0,1,0,0,0,0,1,0,0,0,1,6,1,0,5,4,6,3,10,2,2,7,0,0,6,7,0.024638087247558234,89835833.3947419,116923236.04604127,0.027417780454234677,321100000.0,3668.893268804553
1,0,1,0,0,0,1,0,0,0,1,1,0,0,0,4,1,4,1,6,2,3,5,1,4,5,6,0,5,3,4,0.011765647632044133,23539.95905452392,142208761.05861872,1.8010453241969376e-06,442300000.0,2440.202135452875
1,1,0,0,0,1,1,0,0,0,1,1,0,1,0,2,6,3,4,3,3,4,6,4,2,0,1,5,0,5,0,0.0033857423761601527,34848344.352033556,54444477.23563117,0.0036650617169435087,916200000.0,3954.8586465166068
0,1,1,0,0,0,0,1,1,0,0,0,0,0,0,0,4,9,0,2,2,0,5,5,4,3,0,5,0,6,3,0.05080616769550046,170536451.08354652,98100554.26950684,0.1190518012761145,230600000.0,0.0
0,0,1,0,1,0,1,1,1,0,0,1,0,0,0,3,5,3,1,3,3,3,10,3,4,0,2,3,0,0,0,0.0010973851893428827,333108561.9576044,16373078.863592021,0.0310946520497013,515700000.0,21873.467205776633
0,0,0,0,0,0,1,1,0,1,0,1,0,0,0,0,7,4,2,7,7,3,0,3,2,7,6,1,10,0,7,0.2764141958348929,0.0,159986889.79349825,0.0,303800000.0,0.0
0,0,0,0,0,0,1,0,1,0,1,1,0,0,0,1,10,6,8,8,5,4,7,2,9,7,6,3,9,6,7,0.0,0.0,224032513.95667803,0.0,303800000.0,0.0
0,0,0,0,0,0,0,0,1,0,0,0,0,0,1,3,7,2,2,7,6,4,9,5,1,4,0,7,0,0,0,0.0020824070730288404,635223867.5216017,26008389.578208447,0.06476473716595044,286800000.0,40204.80109175044
0,1,0,0,0,0,0,0,0,0,0,0,0,0,0,3,7,6,0,7,2,4,5,7,6,4,8,6,2,5,3,0.006675788259153899,86036179.0269146,152162223.57057345,0.00905623666128536,84600000.0,6239.370992173277
0,0,1,0,0,0,1,0,1,1,0,0,0,0,0,0,1,5,7,10,1,2,10,7,4,4,1,4,0,0,0,0.08557096746970075,374508839.8322848,28394046.033258095,0.29658477695826774,267200000.0,0.0
0,1,1,0,0,0,0,0,0,0,1,0,0,0,0,0,1,1,5,2,5,6,0,1,4,7,4,7,0,2,0,1.6808906420309038,74851638.8788596,74744702.0932678,0.056920219400848945,290400000.0,0.0
0,0,0,1,0,0,0,1,1,0,0,0,0,0,0,3,7,1,4,7,2,9,9,8,3,7,2,4,0,2,0,0.0002736593683404292,417881895.47563773,64234741.099472195,0.04125657722684054,279200000.0,25005.18022665698
0,0,1,0,0,0,1,0,0,0,0,0,0,0,0,1,6,2,3,5,4,7,4,5,1,2,7,0,0,1,7,0.019646723648572444,325234399.53054994,93325908.07269065,0.10319714513973265,115300000.0,11087.378307969664
1,0,0,1,0,1,0,1,1,1,1,1,1,1,1,0,7,7,1,2,6,9,6,5,10,5,2,3,4,1,0,0.0168479645097329,211854.5827872651,92453026.70907432,0.00018755572956726934,1713500000.0,0.0
0,0,1,0,0,0,1,0,0,1,0,0,0,0,0,1,6,4,0,0,1,2,1,7,5,7,4,0,2,3,0,0.25199280205193303,1431337.9534251944,86567113.48201263,0.0003573249797222431,236500000.0,17687.966386522665
0,1,1,0,0,0,0,0,0,0,0,1,0,0,0,0,7,7,1,7,10,5,2,3,5,2,9,6,5,3,5,0.4174577487075251,4617997.435419235,165520036.5631119,0.0031524482519329875,290400000.0,0.0
0,1,1,0,0,0,1,0,0,0,0,1,0,0,0,3,7,6,7,4,4,6,0,7,6,3,0,1,0,5,4,0.07921746436356195,50570760.321027815,91604252.03919876,0.004213056096590691,321100000.0,20896.280582620573
1,1,0,0,1,0,1,1,0,1,0,1,0,0,0,1,6,2,3,1,6,7,7,2,4,0,3,0,0,0,4,0.012544099884808129,59641586.89668629,41830524.25380514,0.017427158544798163,690800000.0,4730.797385092491
1,0,1,0,0,0,0,1,0,0,0,0,0,0,0,2,2,3,0,2,5,7,8,8,2,4,4,4,0,0,4,0.0344960326497946,348783695.99592197,66847293.70960295,0.037725607378722076,199900000.0,22484.9774546235
0,0,0,0,0,0,0,1,0,1,0,0,0,0,0,3,3,3,7,6,1,3,2,4,0,1,10,7,3,0,0,0.07944281627918394,43920905.60947251,78392044.8446439,0.0041438832336734115,151900000.0,22514.642667448727
0,1,0,0,0,0,1,0,0,1,0,0,0,0,1,0,7,10,0,1,6,4,0,4,7,7,4,0,4,0,6,0.6786980771010125,355141.64545218647,105971809.87947223,0.00024685638779411696,492600000.0,0.0
0,0,1,0,0,0,0,1,1,0,0,0,0,0,0,3,3,6,7,4,2,1,3,4,7,4,5,6,3,0,3,0.01441045805843538,66196968.23281601,103308974.41921166,0.00625592423395324,146000000.0,12396.486368830154
1,0,0,0,0,1,0,1,0,1,1,1,0,0,1,0,2,2,7,1,3,1,7,4,5,0,2,5,0,5,0,0.3041640828481426,14817810.198755411,55846910.96710935,0.00834317758181139,952800000.0,0.0
0,0,0,0,0,0,1,1,1,0,0,0,0,0,0,3,9,5,1,6,6,1,8,6,7,7,5,2,3,1,4,9.60387946234681e-05,83769377.87517007,135461171.03963614,0.00915782007046215,92100000.0,5645.813378240394
0,0,1,0,0,0,0,1,1,0,0,1,0,0,0,2,1,4,3,4,3,1,10,4,4,1,6,4,0,3,3,0.0155054893302089,105662596.22813882,95525334.50832552,0.013665001257481019,267200000.0,9708.291443713637
1,0,1,0,0,0,1,0,0,0,0,0,0,0,0,0,2,2,8,5,5,5,5,7,1,2,5,8,3,3,5,0.09991165137278488,35026971.175504036,148341342.0089789,0.026414513159956354,199900000.0,0.0
0,0,1,0,0,0,1,1,1,1,1,0,0,0,0,0,7,7,4,5,4,3,5,5,7,6,9,6,0,6,5,0.00391772408936329,42718518.82253979,140760305.44012016,0.03643303123712062,419100000.0,0.0
0,0,1,0,0,0,0,0,0,1,0,1,0,0,1,1,1,2,2,7,7,4,6,4,1,5,7,7,0,1,0,0.05575027272043278,125333882.33363846,74320692.02863179,0.036035723882727314,583100000.0,5205.463586911338
1,0,1,0,0,0,0,0,0,1,0,0,0,0,0,1,2,6,3,6,0,0,0,8,4,4,6,2,4,6,0,0.32041167743726423,171222.45856476208,113796452.2216622,3.62262054452527e-05,290400000.0,10312.137612914692
0,0,0,0,0,0,0,0,0,0,0,1,1,1,0,3,7,2,0,1,6,7,6,7,4,2,9,5,3,0,0,0.02011015689873676,38060433.77679825,73107105.18814924,0.003525402508556771,633400000.0,10104.126304254367
1,0,1,0,0,0,0,0,1,1,0,1,0,0,0,0,7,4,6,10,2,9,6,7,5,7,3,6,7,6,1,0.0015296260746692771,0.0,176466786.74330336,0.0,442300000.0,0.0
1,0,0,1,0,0,1,1,0,1,1,0,0,0,1,4,7,5,4,10,1,1,6,5,9,7,2,4,6,1,0,4.3129831743281663e-05,0.0,107559673.85673985,0.0,862300000.0,10.482033287669362
1,0,0,0,0,0,0,0,0,0,0,0,0,0,0,4,7,6,1,6,1,1,4,1,5,5,10,1,2,3,2,0.01775841268223085,67926301.56970575,138307927.27091193,0.005757596833818804,84600000.0,8400.406657416688
0,0,1,0,0,0,1,1,0,0,0,0,0,0,0,0,5,6,0,5,5,3,4,5,5,9,6,5,5,1,6,0.04261810063056975,5448870.276768132,169060564.1510281,0.004657196117114039,146000000.0,0.0
0,1,1,0,0,0,0,0,0,0,0,0,0,0,0,0,3,6,7,8,10,5,3,3,5,5,10,6,2,0,5,0.17899566975566542,132358302.74847402,122821163.44136623,0.11828962334686098,169200000.0,0.0
0,0,0,0,0,0,0,1,0,0,0,0,0,0,0,3,7,6,7,7,5,5,10,7,2,5,8,6,1,6,5,0.0020824070730288404,138604001.95795918,162694245.9842772,0.014500956934328494,30700000.0,9125.491535884945
1,1,0,0,0,1,1,1,1,1,1,1,0,1,0,1,9,5,8,9,1,1,6,9,9,7,2,2,6,2,0,0.0,0.0,107470710.72864194,0.0,1098800000.0,0.0
0,1,1,0,0,0,0,0,0,0,0,0,0,0,0,2,8,0,1,5,6,5,9,5,1,4,4,5,0,0,0,0.001257124197710928,630711482.3917768,35267355.398949906,0.07587461293194771,169200000.0,32039.938056414932
0,1,1,0,0,0,1,0,1,0,0,0,0,0,0,0,5,10,0,2,2,0,4,5,1,3,7,3,0,1,0,0.058015554094883556,374667577.5645526,61093982.15319667,0.29215265148268205,230600000.0,0.0
0,0,0,0,0,0,0,1,1,0,1,0,1,1,0,1,0,10,0,9,1,4,6,6,4,0,4,2,0,0,0,0.24588707223354123,313476312.03437036,18081997.288140487,0.09737095784058793,694800000.0,10901.386437820835
0,0,0,0,0,0,1,1,1,0,0,0,0,0,0,4,4,9,7,6,2,3,1,10,4,7,6,6,7,6,5,0.029644845291076933,0.0,201578624.5704847,0.0,92100000.0,7954.371574544182
0,0,1,0,0,0,0,1,0,0,0,0,0,0,0,1,6,1,3,5,4,7,5,5,4,2,0,6,0,6,4,0.010671334758459631,196029028.3842707,101899268.70071542,0.06044395948304215,115300000.0,6873.550849184722
0,1,1,0,0,0,0,0,1,0,0,1,0,0,0,3,4,1,4,6,5,4,5,5,0,2,7,7,0,1,0,0.001854671186289483,283599903.40078485,66919739.03069021,0.027320813512105687,321100000.0,17287.88946412401
0,0,1,0,0,0,0,1,0,1,1,1,0,0,0,1,1,2,1,1,6,7,1,0,1,3,6,4,0,0,0,0.4843981224801367,30876825.047533523,35493319.36033734,0.008946016650192927,478900000.0,16272.956607943666
0,1,1,0,1,0,1,1,0,1,0,0,0,0,0,1,6,5,2,5,3,0,7,5,3,3,4,0,0,0,4,0.001139424654733532,228166324.7912446,52553947.52116518,0.07092053813727957,569600000.0,7697.337849022725
0,0,0,0,0,0,1,1,0,1,0,0,0,0,0,0,6,4,2,4,4,4,0,3,3,6,6,4,4,0,7,0.733248551064321,7349237.879195578,126421977.42239285,0.0053196930098756085,182600000.0,0.0
0,0,1,0,0,0,0,1,1,0,0,0,0,0,0,3,2,3,3,2,5,0,3,2,4,0,2,4,1,0,2,0.022365107369636393,262539695.76432174,71258998.16226321,0.023626366139155572,146000000.0,21603.44522272771
1,0,0,0,0,0,0,1,0,0,0,1,0,0,0,1,5,2,7,1,6,6,0,0,4,0,3,3,0,3,4,0.5095183630539161,34526742.88946617,85071811.33277303,0.0077294180022719795,236500000.0,21448.815480837337
0,0,1,0,0,0,0,1,1,0,1,1,0,0,1,0,2,2,7,6,1,6,6,6,5,0,2,5,0,3,0,0.12524494826757343,64958338.60355219,49521761.16919485,0.05393777794463001,644500000.0,0.0
0,0,1,0,0,1,0,1,0,0,0,0,0,0,0,0,1,3,3,5,6,4,7,9,0,4,2,2,4,0,1,0.08388410828969121,54565910.10833448,89067701.04323156,0.04689522006520456,333100000.0,0.0
0,0,0,0,0,1,0,1,0,1,0,1,0,0,0,0,0,2,4,6,7,3,3,10,6,7,2,1,3,3,1,0.6447822107056653,301161.1024357843,126642095.14544386,0.0002070256942567124,490900000.0,0.0
0,0,0,0,0,0,0,0,1,0,0,0,0,0,1,3,3,3,4,7,5,4,5,4,6,1,1,7,3,0,4,0.022236623889924048,104084221.02681364,95379024.15705582,0.011425600300366063,286800000.0,13703.679452489581
1,0,0,0,0,0,0,0,1,0,1,0,0,0,0,0,6,2,7,1,2,7,1,7,6,3,1,6,2,2,3,0.44404551553013266,10344137.907546517,121632592.64266582,0.00694921116900416,236500000.0,0.0
0,0,1,0,0,0,1,0,0,0,0,0,0,0,0,1,4,4,0,4,6,1,1,7,5,7,7,0,0,6,7,0.23644084484721034,167085378.69073206,126643134.25132017,0.04149834830117267,115300000.0,8017.825570932096
0,1,0,0,0,0,1,0,1,0,0,0,0,0,0,1,6,6,0,5,5,1,5,6,5,6,5,4,2,1,5,0.007555038073691984,126471632.62320471,135080191.7102986,0.04099033032954951,146000000.0,4450.3043152747305
0,0,0,0,0,0,0,0,1,0,0,0,0,0,1,3,1,2,0,7,6,4,9,1,1,7,0,7,7,2,0,0.10953634992859335,0.0,111389384.41909637,0.0,286800000.0,15831.310910941454
0,0,0,0,1,0,1,1,1,1,0,1,0,0,0,3,5,3,2,0,3,3,0,3,3,7,5,3,2,0,0,0.029844517764680514,23011871.383999385,68495090.81742172,0.0023511857940443823,552300000.0,14137.031487575267
0,0,0,0,0,0,0,1,0,1,0,1,0,1,0,1,5,0,2,0,0,3,0,2,2,7,1,5,3,0,0,0.5313543464762935,0.0,67092320.98902523,0.0,529200000.0,21873.561608772507
0,0,0,0,0,0,0,1,0,0,0,0,0,0,0,3,1,1,3,9,6,7,9,2,1,3,0,9,0,2,4,0.15652746347339777,239169532.91484958,91797134.238019,0.021415281610361516,30700000.0,25956.070413868834
1,0,1,0,0,0,0,1,1,1,1,0,0,0,0,3,7,5,4,8,0,0,7,1,3,4,3,2,7,7,0,0.0,576234.141964755,128746353.27450112,3.300473060288191e-05,473000000.0,34.32869206900509
0,0,0,0,0,0,0,1,1,0,0,0,0,0,1,3,0,2,0,6,6,3,5,5,1,1,4,7,0,0,0,0.2146803470944221,473295766.6391818,33217918.813610718,0.049005050498459136,317500000.0,40327.468132878545
0,0,1,0,0,0,0,0,1,0,0,0,0,0,0,0,5,2,7,4,5,1,3,2,0,5,6,6,0,1,3,0.12311524738328353,338812368.06552047,100598195.0328494,0.2906179061806406,115300000.0,0.0
0,0,1,0,0,0,0,0,0,0,0,1,0,0,0,0,4,6,6,6,4,1,0,6,0,2,7,7,0,1,0,0.7881731778745725,181702823.452372,66919739.03069021,0.15759682306472025,205800000.0,0.0
0,0,0,0,0,0,0,1,0,0,0,0,0,0,0,0,1,1,7,6,5,4,3,5,6,6,0,5,7,0,6,1.2360112687733436,212341.93410661843,121273759.08071855,0.00014218224137880112,30700000.0,0.0
0,1,1,0,0,0,0,0,0,0,0,0,0,0,0,2,6,4,0,0,1,5,4,6,1,4,4,0,1,0,0,0.0723500639175491,184777626.4126678,45822261.264146835,0.024063005504816107,169200000.0,34816.701850709185
0,0,0,0,0,1,1,0,1,0,1,0,1,1,0,3,7,2,0,1,7,6,8,3,4,0,6,5,0,0,0,0.0046811371923817235,273834428.22291684,26127534.665142894,0.025189175922475958,912600000.0,27606.52238528242
0,1,1,0,0,0,0,1,0,1,0,0,0,0,0,0,7,3,3,5,1,0,10,1,6,2,6,6,0,1,1,0.004708469042772819,211395479.350095,88191425.07258588,0.17463741138590422,321100000.0,0.0
0,0,0,1,0,0,0,0,1,0,0,0,0,0,0,0,6,1,4,7,2,6,9,8,3,4,5,4,2,2,0,0.009099482973262052,164844791.012314,92548209.5576047,0.13923502363169735,248500000.0,0.0
1,0,1,0,0,0,0,0,0,1,1,0,0,0,0,3,0,3,2,1,5,0,2,2,5,3,3,5,7,0,3,0.08589548930337237,667769.8941031679,113937525.79730886,5.250960410092391e-05,411600000.0,22628.545459770536
0,0,1,0,0,0,0,1,1,1,0,0,0,1,1,2,0,3,1,5,6,8,1,0,0,0,2,3,0,0,1,0.17688395683703137,155235940.8185474,41410292.94976575,0.0181871111465179,779400000.0,26668.994083000434
1,0,1,0,0,0,1,0,1,0,0,0,0,0,0,2,3,3,7,3,10,4,0,0,10,0,2,4,5,6,0,0.14062958037227496,36533296.526423626,102019059.7416081,0.0029899395923991805,230600000.0,24796.526513901958
0,1,0,0,0,0,0,1,1,0,1,0,1,0,0,3,0,5,0,9,1,9,6,8,4,0,2,5,0,2,0,0.06713620811217506,212139376.43704382,46748465.0944701,0.02092394676074501,523300000.0,13549.821425694965
0,1,1,0,0,0,1,1,1,0,0,0,0,0,0,2,5,2,4,5,2,4,2,4,3,3,4,3,0,2,4,0.004901340874876728,296714878.99344844,93147127.74743807,0.0390358715528362,261300000.0,15971.478310498744
0,1,1,1,0,1,1,0,0,1,0,1,0,0,0,3,7,1,7,7,5,6,7,7,1,0,0,8,1,0,0,0.00045483697802657067,110050539.35970914,41146130.82833462,0.010837775388646892,877900000.0,6869.37323232493
0,0,1,0,0,0,0,0,1,0,0,0,0,0,0,3,6,6,7,4,7,7,7,6,6,3,0,7,0,5,3,0.0023437569880065635,183310623.94683743,96808191.96937846,0.018922040487494598,115300000.0,14855.829828275728
0,0,0,0,1,0,0,1,1,1,0,0,0,0,0,3,0,2,7,9,1,2,3,7,4,3,9,4,0,0,0,0.07721621292481587,372832212.937379,43031655.07155567,0.035398972027957575,400400000.0,25005.54169595744
0,0,0,0,0,0,1,0,0,1,0,0,0,0,1,0,0,5,3,2,5,4,0,4,7,7,3,4,4,0,1,1.2915649873825872,4744251.563480108,100539385.90388367,0.0033003413021661997,408000000.0,0.0
0,0,1,0,0,0,1,0,1,1,0,0,0,0,0,0,5,5,4,5,5,3,5,5,1,0,7,6,1,1,7,0.023953866552727347,103907078.45807013,128380904.86312544,0.09146590658629318,267200000.0,0.0
0,0,1,0,0,0,0,1,0,0,0,0,0,0,0,1,3,10,1,5,0,6,7,7,4,2,4,3,0,1,4,0.03890803274447905,321870831.02115995,87597586.3926588,0.10059573459705662,115300000.0,11488.435146682728
0,0,0,0,0,0,0,1,1,0,0,0,0,0,0,3,9,5,6,6,2,6,6,6,7,7,2,2,4,6,4,0.0011844159112053023,21039710.502676915,159609043.70785454,0.0022520823156509822,61400000.0,1800.3557135556682
0,0,1,0,0,0,1,1,0,0,0,0,0,0,0,2,0,6,3,5,3,7,4,4,6,3,4,5,3,0,7,0.08218367866967799,62113191.08932964,112412618.5285379,0.008707720694879538,146000000.0,8989.903787572923
