Gelderland Expected Annual Damage,Gelderland Dike Investment Costs,Gelderland Expected Number of Deaths,Overijssel Expected Annual Damage,Overijssel Dike Investment Costs,Overijssel Expected Number of Deaths,RfR Total Costs,Expected Evacuation Costs
456337094.09753793,0,0.7793594306050065,0.0,0,0.0,0.0,0.0
4446046379.045161,0,5.164678375701188,0.0,0,0.0,0.0,0.0
359324042.677593,0,0.28022141089278174,181757291.2036507,0,0.0644382486060939,0.0,0.0
349730761.9372637,0,0.29438030303268814,65524416.64611252,0,0.027958264232855738,0.0,0.0
26623164.393417045,0,0.05714292876923769,7300713.630892368,0,0.0051230697230942755,0.0,0.0
661771912.553271,0,0.8409129823624482,0.0,0,0.0,0.0,0.0
1723386654.0211344,0,2.8462429716437927,26442279.00384197,0,0.022093589284899202,0.0,0.0
3986877334.4152036,0,4.92240228118502,0.0,0,0.0,0.0,0.0
716547720.4722022,0,0.6943692050571648,0.0,0,0.0,0.0,0.0
2569005708.9844666,0,3.5806555704799385,0.0,0,0.0,0.0,0.0
196946456.28623092,0,0.17812812390330163,74740569.11062582,0,0.03716859638587973,0.0,0.0
3833006259.706357,0,3.7517792646026633,0.0,0,0.0,0.0,0.0
2270506836.319307,0,1.9082900847708257,0.0,0,0.0,0.0,0.0
755559611.9852093,0,1.241876445390924,377821287.9713006,0,0.31231174955525587,0.0,0.0
531987290.02153563,0,0.5202453650366776,0.0,0,0.0,0.0,0.0
77344100.50523731,0,0.0895482694117345,37599073.48182774,0,0.01918780708721978,0.0,0.0
877796833.9433917,0,0.8436973073394615,0.0,0,0.0,0.0,0.0
808193399.4954426,0,0.8350668264792332,7102679.366414873,0,0.0026182827691906595,0.0,0.0
2527367911.479471,0,3.8539122228235594,0.0,0,0.0,0.0,0.0
32965832.95542558,0,0.05714291660311856,65320839.85978134,0,0.0431448531566648,0.0,0.0
3224918158.831088,0,1.8714358368288075,18753320.582767557,0,0.014601350160816599,0.0,0.0
3160809766.035369,0,4.374474272865646,0.0,0,0.0,0.0,0.0
692120089.6638932,0,0.9524508725087045,674348015.927556,0,0.6228300844208046,0.0,0.0
261910996.2811396,0,0.23318723304277988,79687065.26285836,0,0.03617599990225739,0.0,0.0
1670529089.1615317,0,3.1854783416117445,185211729.03552553,0,0.18021287187394225,0.0,0.0
2760065888.506846,0,3.747247095954771,0.0,0,0.0,0.0,0.0
4550836768.446359,0,4.13520782225075,0.0,0,0.0,0.0,0.0
2654203337.462159,0,1.8430007853461872,0.0,0,0.0,0.0,0.0
134114459.0913676,0,0.18986372236611726,350328221.4698418,0,0.30842451544410865,0.0,0.0
406649817.3717389,0,0.640978809903407,293013905.5045699,0,0.261395598001264,0.0,0.0
125254144.10836548,0,0.14520954820104207,0.0,0,0.0,0.0,0.0
2827120138.3705835,0,1.8238433928692217,0.0,0,0.0,0.0,0.0
2863365825.050373,0,2.1076514869822507,0.0,0,0.0,0.0,0.0
1678122120.3221564,0,2.538198640096594,103593785.95613366,0,0.05299726538150547,0.0,0.0
335428721.28132355,0,0.3207575424913792,266110232.43400615,0,0.19824295240171408,0.0,0.0
1436256524.202067,0,1.9868835095278807,0.0,0,0.0,0.0,0.0
2855766633.982227,0,1.8471311696798134,0.0,0,0.0,0.0,0.0
576420265.4766128,0,0.6122951998643931,0.0,0,0.0,0.0,0.0
725495474.3092477,0,0.8480034175990743,25033276.861670956,0,0.011253221269077018,0.0,0.0
183298681.5951663,0,0.17933012710615578,123382257.1578022,0,0.14217930897939066,0.0,0.0
141249670.5071635,0,0.15330722862111024,81496724.8940112,0,0.03645898093431921,0.0,0.0
2588050605.4733996,0,1.9654208034231435,44876731.934167616,0,0.023384831177911132,0.0,0.0
229844174.4671071,0,0.2635846301920688,7216886.764939246,0,0.003944615817356206,0.0,0.0
1675604788.667609,0,2.577472616101571,10981905.755321827,0,0.004534067381406987,0.0,0.0
55746713.03022129,0,0.06857069783708165,0.0,0,0.0,0.0,0.0
2466687464.8863297,0,1.53621446301443,479585972.399729,0,0.3673095346151292,0.0,0.0
2982571267.200252,0,1.8571979619913699,0.0,0,0.0,0.0,0.0
555866590.9059068,0,0.43351541998372745,741483476.90079,0,0.6418945506150522,0.0,0.0
2854663035.1336803,0,1.6498581003421535,0.0,0,0.0,0.0,0.0
1676023148.8860285,0,1.2007035435109177,0.0,0,0.0,0.0,0.0
419218980.2540943,0,0.3450103572443237,0.0,0,0.0,0.0,0.0
547873888.1940141,0,0.47580632851260835,0.0,0,0.0,0.0,0.0
911101849.1734401,0,1.975733580308569,7809253.129719464,0,0.004423512928445448,0.0,0.0
675705555.5668564,0,0.8523771354375623,0.0,0,0.0,0.0,0.0
894487729.0000196,0,0.720350367800562,0.0,0,0.0,0.0,0.0
191261534.56446743,0,0.13329866375490435,52865301.44621372,0,0.03275373080022717,0.0,0.0
3168891097.134302,0,2.31278507240618,789989328.022148,0,0.6632582401212757,0.0,0.0
1849442561.433718,0,3.7715810974509987,97637.45783253506,0,5.160717863785564e-05,0.0,0.0
1689675506.741964,0,2.467120328766309,0.0,0,0.0,0.0,0.0
96992078.07002038,0,0.11759844589796217,0.0,0,0.0,0.0,0.0
2903965688.4270263,0,2.068972783251965,0.0,0,0.0,0.0,0.0
4072632511.1012573,0,4.698439155119033,0.0,0,0.0,0.0,0.0
4477255169.940329,0,3.945540428834204,0.0,0,0.0,0.0,0.0
2687866592.5284905,0,1.8724026863028378,0.0,0,0.0,0.0,0.0
3144069796.259956,0,1.8707804900745078,59398335.32327595,0,0.0349045472947979,0.0,0.0
818786700.2677937,0,0.4589423571816348,0.0,0,0.0,0.0,0.0
2829297054.764659,0,1.8256127827987543,0.0,0,0.0,0.0,0.0
1493111222.8369474,0,1.0364275329285082,5198671.631776192,0,0.002428541539535545,0.0,0.0
1764028060.9641573,0,1.0407136775259802,0.0,0,0.0,0.0,0.0
2635496674.421734,0,1.8414222906046758,0.0,0,0.0,0.0,0.0
1036697428.6333996,0,1.0619312913240246,34452703.5892888,0,0.010352385447020006,0.0,0.0
1351298963.311099,0,1.3379477486269002,62890474.484332204,0,0.024780109370165504,0.0,0.0
934764402.984339,0,1.2149527286005952,89627801.36754745,0,0.08953124761257228,0.0,0.0
2194702064.4381914,0,3.5236269149842485,0.0,0,0.0,0.0,0.0
2903600403.585037,0,1.8861340533940234,0.0,0,0.0,0.0,0.0
134072603.88676122,0,0.1577660873452498,260007749.90612954,0,0.21177704001006828,0.0,0.0
198441338.65100342,0,0.18468985121921067,101539587.11771262,0,0.05028124120531546,0.0,0.0
410175230.8623364,0,0.5468534783467996,107292973.71569315,0,0.050006526333528444,0.0,0.0
4330435905.246014,0,5.180359395118002,0.0,0,0.0,0.0,0.0
2684537335.5867743,0,2.575433493861474,143348.52551857266,0,8.574221656231423e-05,0.0,0.0
2472279742.2289467,0,3.985440459919637,0.0,0,0.0,0.0,0.0
1087777337.0900757,0,2.171125153029155,0.0,0,0.0,0.0,0.0
174715322.72282806,0,0.31795938610258995,772959919.1644621,0,0.6793873691007992,0.0,0.0
629693569.5900543,0,1.3534253344188008,85096810.56386022,0,0.048328688217207344,0.0,0.0
2322159927.829583,0,2.0159532111110376,0.0,0,0.0,0.0,0.0
2689152993.0316353,0,1.8301249786675062,0.0,0,0.0,0.0,0.0
692877379.3851134,0,1.0273012537693074,77669485.16868147,0,0.035111086691042445,0.0,0.0
888827639.7398803,0,0.9179273282468167,0.0,0,0.0,0.0,0.0
3208544841.208026,0,1.8595192848154207,0.0,0,0.0,0.0,0.0
30805478.775683887,0,0.056439163575176074,221129718.70428878,0,0.23393732218581847,0.0,0.0
2476552219.181627,0,2.074104177040423,0.0,0,0.0,0.0,0.0
2017108501.5350385,0,2.0004201679619,0.0,0,0.0,0.0,0.0
4468154767.19622,0,4.99777091981289,16357033.366139244,0,0.007156982111946066,0.0,0.0
1694930245.0053658,0,2.4539438391808246,42470098.36753159,0,0.019552907018983424,0.0,0.0
2554172806.443119,0,1.878614883464557,0.0,0,0.0,0.0,0.0
2708299218.292314,0,1.8480805370887214,1737643.8247117316,0,0.000751245270635371,0.0,0.0
2983744215.295526,0,2.0840109957809636,0.0,0,0.0,0.0,0.0
653426834.927371,0,0.44302029569301615,460777539.6240982,0,0.36160087891158554,0.0,0.0
86318918.6237391,0,0.1090439225740289,101110602.72491293,0,0.054385110835778364,0.0,0.0
481935983.1666565,0,0.46356484769777134,0.0,0,0.0,0.0,0.0
3829531152.9034424,0,2.493450360235098,2649804.0016475883,0,0.0011206042695260064,0.0,0.0
2562377275.8558574,0,3.293223952511707,0.0,0,0.0,0.0,0.0
2307435481.214166,0,1.9863313926899662,68576604.10746177,0,0.05562598253322893,0.0,0.0
3179213541.3624988,0,4.255545557290107,0.0,0,0.0,0.0,0.0
59537172.58067121,0,0.04575910107719984,87679170.3999792,0,0.04079100703131966,0.0,0.0
2813860997.321494,0,1.8604167841416095,0.0,0,0.0,0.0,0.0
1260093335.8681002,0,1.451237552911057,176115504.76852864,0,0.059412499939079697,0.0,0.0
2471374025.376926,0,1.8110786922514852,50801603.64182772,0,0.023743498919787553,0.0,0.0
305303787.8297586,0,0.2286802536461806,76006566.82613859,0,0.04136673385361561,0.0,0.0
3298442759.9674397,0,1.8586367480610604,55174727.864120215,0,0.04130279514223562,0.0,0.0
3389545143.6981416,0,2.7294985981545574,0.0,0,0.0,0.0,0.0
1457181422.3708615,0,1.962171774519796,234750401.1065681,0,0.1320381058791898,0.0,0.0
2813860997.321494,0,1.8604167841416095,0.0,0,0.0,0.0,0.0
949072626.1851677,0,1.093158742912053,0.0,0,0.0,0.0,0.0
455103394.92432153,0,0.793707237713524,84765197.3846589,0,0.07946191427357494,0.0,0.0
3191611797.2355433,0,1.8828625239069239,2869431.4298026897,0,0.0011632424718346491,0.0,0.0
1041675021.432818,0,0.8371334439114704,0.0,0,0.0,0.0,0.0
18852078.62826638,0,0.02416370642817723,53921026.50554362,0,0.033079954433379376,0.0,0.0
3233870064.1747465,0,1.9169324391101505,127623074.01814003,0,0.09536835004778418,0.0,0.0
2830409734.993307,0,2.0780903913958757,0.0,0,0.0,0.0,0.0
1502689247.1016517,0,1.0681369209497902,2606839.215617562,0,0.0012658898264036097,0.0,0.0
140722288.3559426,0,0.22848681578866872,772163511.3276422,0,0.6801673223059019,0.0,0.0
2333733135.5183,0,2.22597970685567,0.0,0,0.0,0.0,0.0
116857286.0392097,0,0.190313036308955,119645571.68048412,0,0.05187879378489921,0.0,0.0
3324592951.5465746,0,1.8771445906751056,22638709.57496402,0,0.01741210713974299,0.0,0.0
149097223.5733871,0,0.16680025258837639,284191617.71924484,0,0.26593540012281336,0.0,0.0
1775362750.922109,0,1.5027230394125621,0.0,0,0.0,0.0,0.0
1986062462.3337092,0,2.52151714002392,11035714.384519206,0,0.005250821691254394,0.0,0.0
2521496722.1760197,0,1.7894997483186363,11992817.459541246,0,0.0056757921760159005,0.0,0.0
2932092787.349031,0,1.9496752283825884,5412735.411168313,0,0.0014144427680873317,0.0,0.0
2691348330.344035,0,2.057325605361485,0.0,0,0.0,0.0,0.0
1655685947.7723138,0,1.0395453888378339,67706440.99398798,0,0.044257785144584304,0.0,0.0
2745914932.497716,0,2.1299868300750457,0.0,0,0.0,0.0,0.0
3600684414.0858765,0,3.472517109506283,0.0,0,0.0,0.0,0.0
1031155044.3679496,0,0.7123214291461332,57038598.98016867,0,0.018280621482371216,0.0,0.0
2958462933.793278,0,1.8190505715965162,0.0,0,0.0,0.0,0.0
3573432694.520369,0,4.597048123555162,0.0,0,0.0,0.0,0.0
2364240743.205225,0,1.9214822100731135,70933060.10796334,0,0.035409026781093984,0.0,0.0
2565163698.2875943,0,1.9221399049161247,251804449.77507883,0,0.25261495625755337,0.0,0.0
2530269022.815942,0,1.8650101259207652,0.0,0,0.0,0.0,0.0
548772783.2030067,0,0.6397599417355948,175765353.5794344,0,0.07144065796132451,0.0,0.0
354884163.540918,0,0.34982969513981316,0.0,0,0.0,0.0,0.0
45457091.94057909,0,0.05620269278717374,610627297.2816635,0,0.43549688267063186,0.0,0.0
2522387212.8751063,0,2.000266332667313,0.0,0,0.0,0.0,0.0
3175162699.5971446,0,1.8352332688063675,0.0,0,0.0,0.0,0.0
3067856114.8081074,0,2.280871273154963,13764055.165768722,0,0.005324278006090067,0.0,0.0
31034345.56137226,0,0.05719066315004598,65771866.27637756,0,0.047981736077532824,0.0,0.0
824770369.6653066,0,0.8472142806763848,389477474.13845,0,0.4627144892973959,0.0,0.0
586019129.98968,0,0.5474924380483098,96213458.24723065,0,0.03481365868347286,0.0,0.0
1957042000.7784405,0,3.5658556160821577,0.0,0,0.0,0.0,0.0
72856999.56146865,0,0.11396241202334821,407066348.5323936,0,0.4738385422948307,0.0,0.0
4544216376.023647,0,5.100896845992824,0.0,0,0.0,0.0,0.0
2590164912.503082,0,1.8859895257152495,0.0,0,0.0,0.0,0.0
993467187.2454062,0,0.7949641732064683,0.0,0,0.0,0.0,0.0
998492485.8590232,0,1.8905524831186484,927427861.7520871,0,0.858336908165426,0.0,0.0
399764207.65625083,0,0.29570663041314016,73102253.4366655,0,0.034673423918845384,0.0,0.0
2309720427.590663,0,3.5545260731191375,0.0,0,0.0,0.0,0.0
146476064.12942296,0,0.15121734078574423,416966750.4336389,0,0.41072660086994317,0.0,0.0
973491039.1219708,0,1.4153123454825378,151221882.93201178,0,0.05836226657983581,0.0,0.0
722548940.9494135,0,0.8431893111851002,175543063.09922278,0,0.06148606310490197,0.0,0.0
2515530851.454342,0,1.8430007853461872,0.0,0,0.0,0.0,0.0
1085523492.9935012,0,2.032411991886372,15455929.340004526,0,0.007937552578581208,0.0,0.0
2537173766.2316294,0,1.862943753276903,0.0,0,0.0,0.0,0.0
2418939859.099843,0,3.599512647514863,134230031.30507317,0,0.04600268602360021,0.0,0.0
423771458.2198104,0,0.37118421176189415,0.0,0,0.0,0.0,0.0
2030178572.5884593,0,2.1407359915214013,4757286.565401841,0,0.003055633719205367,0.0,0.0
1221516913.1807694,0,1.9890050624634845,0.0,0,0.0,0.0,0.0
118396713.9487718,0,0.0892951147979024,41328148.5971924,0,0.03325872049653421,0.0,0.0
705708284.7388743,0,0.565273985458381,0.0,0,0.0,0.0,0.0
3119211717.7877483,0,4.131374005886304,0.0,0,0.0,0.0,0.0
1958820912.2345748,0,3.4439118485382103,0.0,0,0.0,0.0,0.0
253331207.94371688,0,0.3574397270103752,653724304.8829818,0,0.46505989737293035,0.0,0.0
1252156483.942534,0,2.2911349964821333,10248968.647556327,0,0.011525562243872798,0.0,0.0
2551827587.9535723,0,1.90414446220957,1862147.5488546886,0,0.0009031447551129657,0.0,0.0
2788084804.6531906,0,1.9706690846953174,97102157.37948775,0,0.0441371557405332,0.0,0.0
109462005.38519388,0,0.1116789388729445,15556281.594142178,0,0.008045039505649495,0.0,0.0
2642536857.062152,0,1.8328142601875215,0.0,0,0.0,0.0,0.0
860191917.7535144,0,1.3202928272078898,177687103.05731192,0,0.14342093616192345,0.0,0.0
3740077276.1117992,0,5.0953194263315424,0.0,0,0.0,0.0,0.0
2169904560.193762,0,1.8421105843825094,9103460.258588277,0,0.005305283675532726,0.0,0.0
4211656014.6227746,0,4.867256277257232,0.0,0,0.0,0.0,0.0
2515776146.084315,0,1.8541874427759517,213190864.16769496,0,0.20003860664308135,0.0,0.0
1505471114.5481753,0,3.456743572312188,0.0,0,0.0,0.0,0.0
2052169020.4006321,0,3.2016710670727884,0.0,0,0.0,0.0,0.0
1711064226.6160834,0,3.400307428733942,107684667.36365445,0,0.11197990738672876,0.0,0.0
695958878.1438007,0,0.6189757264292188,125317422.63086694,0,0.049511166368286286,0.0,0.0
365333774.0054017,0,0.585426726141965,179670618.76340353,0,0.06972435802586269,0.0,0.0
2514648951.4427395,0,1.8510984560462567,0.0,0,0.0,0.0,0.0
900564436.0045531,0,1.3195435297035687,0.0,0,0.0,0.0,0.0
28551127.850945495,0,0.05749607166947019,291425859.2089809,0,0.33990271235315334,0.0,0.0
2895141774.2930546,0,4.042993104392641,0.0,0,0.0,0.0,0.0
320384605.5674212,0,0.3056274569679689,830727605.0740614,0,0.6976116920434547,0.0,0.0
61920199.96303758,0,0.12380682885297703,44893413.81950316,0,0.025325777393536225,0.0,0.0
649720033.1889708,0,0.3845634653558383,362499508.3056803,0,0.23760631871861687,0.0,0.0
104669159.49581602,0,0.20068427339586467,155133333.2721132,0,0.07137158275885831,0.0,0.0
5345914335.36055,0,5.040769698182347,0.0,0,0.0,0.0,0.0
2801400595.9972935,0,1.8500745035224289,0.0,0,0.0,0.0,0.0
807480345.2153428,0,1.3548330374775026,105160774.13690436,0,0.04767268516169772,0.0,0.0
2910715041.7944236,0,1.9152539524218712,0.0,0,0.0,0.0,0.0
1046598543.9678683,0,0.843034524414757,0.0,0,0.0,0.0,0.0
2701256011.073363,0,3.804817437477819,0.0,0,0.0,0.0,0.0
210144823.82109007,0,0.21459066589312992,6851078.525444691,0,0.0027780101818091992,0.0,0.0
876819638.4117435,0,0.7314045060449857,0.0,0,0.0,0.0,0.0
127142241.33086604,0,0.14880208132821943,0.0,0,0.0,0.0,0.0
1801320418.4508727,0,3.3719817161643,0.0,0,0.0,0.0,0.0
4196181865.4535923,0,4.897535918604561,0.0,0,0.0,0.0,0.0
1138566205.5428336,0,2.0174802749746488,91639318.87907904,0,0.039775182373233145,0.0,0.0
107594865.92079817,0,0.12993091057559852,135702041.6103341,0,0.130357541288981,0.0,0.0
357069437.31224626,0,0.35274669873220565,0.0,0,0.0,0.0,0.0
1791136521.648243,0,1.059056527104534,2367325.6734023266,0,0.0009244034703878169,0.0,0.0
3305619130.0944457,0,2.089917911911803,0.0,0,0.0,0.0,0.0
2059321241.4927278,0,1.8740946646815104,0.0,0,0.0,0.0,0.0
3019219055.2260838,0,2.453827375128461,0.0,0,0.0,0.0,0.0
1992064324.5142307,0,3.5606805348427852,0.0,0,0.0,0.0,0.0
2357473028.0334115,0,1.834966586982388,0.0,0,0.0,0.0,0.0
5324306392.843638,0,4.9004893330915555,0.0,0,0.0,0.0,0.0
3148377894.5322638,0,1.8729168214822516,25517068.598173246,0,0.010419554530335927,0.0,0.0
210272540.05902714,0,0.39850681024732226,368067525.2783385,0,0.34880367795619727,0.0,0.0
2869959500.458609,0,1.819899067607772,1573967.1546651162,0,0.0013426567900056696,0.0,0.0
4221074126.2614193,0,4.886429201858193,0.0,0,0.0,0.0,0.0
2203779692.9127283,0,2.258013615300258,0.0,0,0.0,0.0,0.0
3411404753.7171335,0,1.802018656909927,17942561.730146486,0,0.012624641655321362,0.0,0.0
2669048335.051216,0,1.8559639798303165,8773953.410328753,0,0.0035494065343517006,0.0,0.0
2548734954.47206,0,1.9202120558724451,0.0,0,0.0,0.0,0.0
1268812621.4706268,0,1.0964729995159421,3400552.321413424,0,0.0010117830672379863,0.0,0.0
5612244407.073328,0,4.643100679611682,0.0,0,0.0,0.0,0.0
688185348.1931651,0,0.552483338819464,0.0,0,0.0,0.0,0.0
2883347147.836935,0,1.8695607208661544,19196316.50881692,0,0.016928356204022083,0.0,0.0
337441177.1925584,0,0.3530386552127514,0.0,0,0.0,0.0,0.0
3219886251.1151943,0,3.5007936965215727,0.0,0,0.0,0.0,0.0
2112111193.117254,0,3.4283928996161164,0.0,0,0.0,0.0,0.0
3115354773.785266,0,1.8265199482485621,0.0,0,0.0,0.0,0.0
2537146461.792773,0,3.7206101259358673,0.0,0,0.0,0.0,0.0
1131811551.8389392,0,1.2214235605195143,1214079300.3527942,0,1.0062131659584104,0.0,0.0
606494705.5883069,0,0.6747304643337081,121107375.88741061,0,0.13437676188101594,0.0,0.0
161393153.79180306,0,0.2463357255533548,43181240.40593537,0,0.02370903506257494,0.0,0.0
583510369.4019026,0,0.7619833663223987,132103039.94731504,0,0.0529294639953222,0.0,0.0
2336056685.0726104,0,2.0521735768713008,276015045.4793863,0,0.27325950472757776,0.0,0.0
3163232340.863982,0,1.8855500820698736,27001558.552514844,0,0.022116847463239907,0.0,0.0
3155474579.4551344,0,1.856883676477024,29410173.48806064,0,0.022885075562972437,0.0,0.0
113758901.96116403,0,0.23408645109917586,66054971.050622255,0,0.03848621017339191,0.0,0.0
2718548497.3986993,0,1.8569647190372165,0.0,0,0.0,0.0,0.0
80172118.71297713,0,0.093605512899958,748136104.0190338,0,0.6414588005515723,0.0,0.0
3268253643.6618137,0,1.8372805315467788,40233280.60082328,0,0.022945893071188925,0.0,0.0
54476813.91280946,0,0.05516561732397038,48850463.23956601,0,0.023906702318575595,0.0,0.0
1749863146.7447245,0,2.4499961028404007,0.0,0,0.0,0.0,0.0
39258388.33154031,0,0.05735177333364644,87676275.07439345,0,0.03828958708694703,0.0,0.0
1493500945.252509,0,1.5315457941235309,0.0,0,0.0,0.0,0.0
360164366.0498997,0,0.5839595812217746,629091963.639787,0,0.6101708820562641,0.0,0.0
3245182710.9231567,0,1.8870083793386383,0.0,0,0.0,0.0,0.0
3339391431.2590013,0,1.9112290318149718,131489029.59621885,0,0.08002733133370508,0.0,0.0
1669773015.6629572,0,2.90456509828042,0.0,0,0.0,0.0,0.0
3471488827.2677445,0,1.8421105843825094,0.0,0,0.0,0.0,0.0
89560131.1912341,0,0.07574590280430182,28158364.467974365,0,0.015943423210911217,0.0,0.0
122492534.16154575,0,0.09286819093609447,373569.54679892457,0,0.00015396714323110428,0.0,0.0
2379917426.605815,0,1.9707201322103698,245798342.8311386,0,0.26314572975788164,0.0,0.0
2582966289.9701767,0,1.8604167841416095,0.0,0,0.0,0.0,0.0
461613396.71068996,0,0.28359604551967516,0.0,0,0.0,0.0,0.0
38039433.744095385,0,0.06735649919376852,381103443.1947452,0,0.4235590681362796,0.0,0.0
131619948.28858647,0,0.21373904441860292,0.0,0,0.0,0.0,0.0
2881465738.7758875,0,1.8680304711689302,0.0,0,0.0,0.0,0.0
917804076.0890194,0,0.8275733765365407,2868304.171858336,0,0.0014905341684950833,0.0,0.0
2539736880.758729,0,1.8840582920336122,0.0,0,0.0,0.0,0.0
3513256394.0458307,0,2.661154487691932,13466891.117357077,0,0.004664367825586525,0.0,0.0
454137407.3111239,0,0.5124386102934386,91092318.70672719,0,0.1045352727461315,0.0,0.0
2604654938.5850773,0,1.899171086965882,0.0,0,0.0,0.0,0.0
1199451576.3250487,0,0.9142645071260875,0.0,0,0.0,0.0,0.0
1966457020.1352885,0,3.4467265379226184,1038842.7964408535,0,0.00036943644555961763,0.0,0.0
2519953398.3393803,0,1.8470748959116456,0.0,0,0.0,0.0,0.0
337584076.19734174,0,0.24750339374250127,439985365.17921484,0,0.31027525057679683,0.0,0.0
2342424781.700037,0,1.8187269242010262,9845550.7160274,0,0.009858370169370606,0.0,0.0
1068480305.8447969,0,0.7568830440876229,0.0,0,0.0,0.0,0.0
232131507.70754588,0,0.2519598300836289,90437289.17068774,0,0.08023512885306695,0.0,0.0
5732434783.09988,0,4.832488949842199,0.0,0,0.0,0.0,0.0
169732835.45922592,0,0.2519217651406354,1219981621.354097,0,1.0212220272231285,0.0,0.0
260409059.7216726,0,0.45157035758052166,0.0,0,0.0,0.0,0.0
4684100735.883461,0,4.911074346981083,0.0,0,0.0,0.0,0.0
3501207829.497222,0,1.8619460055988877,0.0,0,0.0,0.0,0.0
507599458.76506567,0,0.7597855217371146,175250355.28901684,0,0.0709400761056804,0.0,0.0
2322907113.0138373,0,2.146849786568931,1086751.823705538,0,0.0012264418288904714,0.0,0.0
4007663608.5898657,0,2.8298677822921903,0.0,0,0.0,0.0,0.0
2557375060.4310327,0,1.8372805315467788,17306533.940532446,0,0.008385639755059095,0.0,0.0
3182867225.301975,0,1.8763972347136462,236164655.78169864,0,0.1775630680605119,0.0,0.0
596351862.5758531,0,0.9237439744267437,175901052.9426151,0,0.16428914312755943,0.0,0.0
852937899.6568089,0,0.7927137599135275,21097086.49135305,0,0.017719904335736423,0.0,0.0
220566083.3319277,0,0.18297090352666365,0.0,0,0.0,0.0,0.0
3812714678.7780747,0,1.8756248535699518,0.0,0,0.0,0.0,0.0
1521403395.03193,0,1.2557932605475015,0.0,0,0.0,0.0,0.0
1257752413.1984735,0,2.3185148013969026,95070707.86576039,0,0.05345306811648022,0.0,0.0
1204578031.8255055,0,2.155928630887673,760899586.8034931,0,0.7605529294937138,0.0,0.0
111825772.63137197,0,0.1383465413615719,453129607.33118147,0,0.30929862200403746,0.0,0.0
422303460.92420316,0,0.4792620867855934,107569122.21774894,0,0.06407757245834576,0.0,0.0
2878380131.3526654,0,1.8655207323982297,0.0,0,0.0,0.0,0.0
2387163052.8710556,0,1.8625278141895942,1421100.5363282552,0,0.0006864777336969496,0.0,0.0
3514668088.6474757,0,1.8725544706400055,0.0,0,0.0,0.0,0.0
1977650874.8821669,0,3.5450506865532305,0.0,0,0.0,0.0,0.0
946101577.0733073,0,1.4245513338987874,1040255676.1849006,0,0.8711562708494396,0.0,0.0
2855846982.2295647,0,3.2737757338775886,0.0,0,0.0,0.0,0.0
306942438.9021286,0,0.28830902949462384,0.0,0,0.0,0.0,0.0
2385666149.9102716,0,1.8815057034626679,1326901.4867605465,0,0.00139090158298725,0.0,0.0
33444179.960868955,0,0.056685762093794764,13793291.46664577,0,0.0077387774645325865,0.0,0.0
143432696.3739717,0,0.15840921797754054,18144305.62062714,0,0.020830002018327857,0.0,0.0
1770725725.3957841,0,1.5143308366065868,1286754.6706867355,0,0.0014794309072410433,0.0,0.0
2390040060.6239557,0,2.9894271417699154,0.0,0,0.0,0.0,0.0
2751028722.765792,0,1.8857085050525968,40485728.717235886,0,0.037296588931496,0.0,0.0
783112928.9244435,0,0.8965920885345909,0.0,0,0.0,0.0,0.0
363266603.17604274,0,0.26228827265516164,24436721.87489281,0,0.011651484699070097,0.0,0.0
3164362111.895692,0,1.8273765531508184,0.0,0,0.0,0.0,0.0
3185855428.711044,0,1.8430117043632288,0.0,0,0.0,0.0,0.0
749334735.0367243,0,0.6671772682324002,0.0,0,0.0,0.0,0.0
1806409140.2088182,0,1.8284586527974358,0.0,0,0.0,0.0,0.0
951236890.8408952,0,0.8839240745428796,0.0,0,0.0,0.0,0.0
2100905806.7573328,0,3.5586000876043933,1768256.9557135932,0,0.000786456396063621,0.0,0.0
2680905533.9988284,0,2.1205067648972986,0.0,0,0.0,0.0,0.0
97048523.52927253,0,0.12014218884522655,99379453.60057591,0,0.08857905265526389,0.0,0.0
3128645333.2262897,0,2.4089834687784486,0.0,0,0.0,0.0,0.0
73224175.2469581,0,0.08207517559701132,192689456.50747555,0,0.2057609460695501,0.0,0.0
2695708903.915452,0,3.372727083691628,69074061.64190754,0,0.02750919032268837,0.0,0.0
1364638303.5987415,0,1.804645436244522,0.0,0,0.0,0.0,0.0
2448964645.1124706,0,3.733744098076352,2121346.4727849625,0,0.0009883243897962836,0.0,0.0
3001575886.394275,0,1.8524731376293313,0.0,0,0.0,0.0,0.0
619348283.2161621,0,0.7014216465113386,128566971.51872036,0,0.04602026360424155,0.0,0.0
2351732153.2894664,0,3.5189605482890376,0.0,0,0.0,0.0,0.0
1417367844.4052968,0,1.0294033993623668,0.0,0,0.0,0.0,0.0
2316426732.5208173,0,1.9978582662580089,0.0,0,0.0,0.0,0.0
1895119934.2183983,0,3.4882946306641434,0.0,0,0.0,0.0,0.0
2673412153.9854765,0,1.8597753599289621,0.0,0,0.0,0.0,0.0
2571599924.6373878,0,1.850139230776498,12147850.50985087,0,0.01157218551764757,0.0,0.0
2539500813.7318864,0,1.8907847826274413,606240258.5071083,0,0.5826809599019377,0.0,0.0
2252610911.541383,0,1.8680304711689302,0.0,0,0.0,0.0,0.0
1567681002.7723567,0,2.919877751768586,0.0,0,0.0,0.0,0.0
129628241.24104096,0,0.13452193179091487,652733907.465555,0,0.6779699711333609,0.0,0.0
2145491382.0920045,0,3.3635158572815493,0.0,0,0.0,0.0,0.0
3352963485.7565365,0,4.834695441965909,0.0,0,0.0,0.0,0.0
1971059241.2651277,0,1.3092173427374727,144825263.70333034,0,0.06724550281691702,0.0,0.0
575500333.132801,0,0.929173496526463,37758396.94423248,0,0.016039997759882622,0.0,0.0
1050514276.5649318,0,0.8885652231067762,4841336.850448074,0,0.0026181896675738386,0.0,0.0
2562718189.371372,0,1.8421105843825094,6787939.288688611,0,0.0029592822224306353,0.0,0.0
2589210120.2803082,0,1.9170296610236337,0.0,0,0.0,0.0,0.0
300732422.7792917,0,0.4705862792491509,380821275.79568475,0,0.2943140064930199,0.0,0.0
2945239628.9869194,0,3.424515923470663,0.0,0,0.0,0.0,0.0
2866001239.126601,0,1.85545302549026,0.0,0,0.0,0.0,0.0
99020220.67442155,0,0.12825190545942652,0.0,0,0.0,0.0,0.0
1240637212.6118524,0,0.987595706858648,0.0,0,0.0,0.0,0.0
98300381.03045428,0,0.161100945909663,121388872.63331918,0,0.12723921209776373,0.0,0.0
3494189224.2938643,0,1.8572607826390979,15341991.330866762,0,0.005653414026906277,0.0,0.0
3253248079.551075,0,2.3440212097226505,82361225.65574428,0,0.07361739925583138,0.0,0.0
3243661731.794861,0,2.5000884971177575,0.0,0,0.0,0.0,0.0
646966823.0428021,0,0.9677673347166038,11905865.688479153,0,0.006465028631849914,0.0,0.0
2985230237.6008325,0,1.8423939294950078,32739063.754491016,0,0.013571263659407059,0.0,0.0
403854763.8436872,0,0.33231149046912145,0.0,0,0.0,0.0,0.0
484491179.45603466,0,0.8087316543570049,57769508.109455824,0,0.04372922335205497,0.0,0.0
2563180951.879007,0,1.8881183595173001,75637538.32798874,0,0.07520153304029085,0.0,0.0
248865617.16320214,0,0.27302024072161246,714358327.7922341,0,0.7977617259295697,0.0,0.0
1019188420.1905726,0,0.8911427460160807,75250358.78032047,0,0.06625509483961858,0.0,0.0
939279000.7073724,0,0.8339621474857767,58114676.026393116,0,0.046738602613230845,0.0,0.0
73675211.4770637,0,0.08641708042627956,0.0,0,0.0,0.0,0.0
199348467.241992,0,0.2358899942752588,45552885.47463225,0,0.02345701700041902,0.0,0.0
868718443.7459794,0,0.6327601780748549,0.0,0,0.0,0.0,0.0
2505615567.7821426,0,1.8427439924194036,0.0,0,0.0,0.0,0.0
3118201997.7768373,0,1.8490021308254927,8921478.107342659,0,0.0035995145948726093,0.0,0.0
206589103.93568957,0,0.14761114344947615,0.0,0,0.0,0.0,0.0
1836787563.1138816,0,3.354688515397406,0.0,0,0.0,0.0,0.0
3421298681.3352737,0,2.2770104490178054,0.0,0,0.0,0.0,0.0
258304445.92160192,0,0.4787021486565487,241997885.75740963,0,0.25497174663195377,0.0,0.0
774959619.4906794,0,0.8804350634818827,495607571.97614014,0,0.5478424530586111,0.0,0.0
1037423350.010827,0,0.5716595771199826,45867031.37265092,0,0.016595541362421508,0.0,0.0
955517740.2957418,0,0.7226343940547714,0.0,0,0.0,0.0,0.0
2369673669.6376414,0,1.8671050056772898,17181329.894710325,0,0.018378276825576887,0.0,0.0
2561106025.7221985,0,1.840653334268914,0.0,0,0.0,0.0,0.0
489801857.7416329,0,0.902009921303373,41503817.615669966,0,0.02000333168419034,0.0,0.0
2587641951.0218124,0,1.9138127259189586,5711653.2380521055,0,0.0028722186257318745,0.0,0.0
924215208.2999132,0,0.8337797303917285,0.0,0,0.0,0.0,0.0
2913575642.047225,0,1.896887845244995,0.0,0,0.0,0.0,0.0
3874340872.0908737,0,2.649716408567515,0.0,0,0.0,0.0,0.0
161597322.9034318,0,0.21964715366660476,0.0,0,0.0,0.0,0.0
2475069876.1350946,0,3.8242752335785006,0.0,0,0.0,0.0,0.0
2465968658.0292826,0,3.7665641697965415,0.0,0,0.0,0.0,0.0
841883687.1091954,0,1.348799367106849,106118030.2351885,0,0.0463180264583116,0.0,0.0
2875083759.2918015,0,1.9088170669976874,2827112.5328829736,0,0.0011385302711760428,0.0,0.0
2647778498.962286,0,2.0090006155354745,0.0,0,0.0,0.0,0.0
29213864.322765432,0,0.05327685605532238,908958799.5139284,0,0.9312717113138056,0.0,0.0
2537424381.152339,0,1.8631747735223025,0.0,0,0.0,0.0,0.0
2549290501.6714125,0,2.5069044243907035,0.0,0,0.0,0.0,0.0
145372872.91773462,0,0.14730523523179526,0.0,0,0.0,0.0,0.0
225112741.60544077,0,0.2817249562979787,590334122.8587012,0,0.5193786326540331,0.0,0.0
274017455.4720261,0,0.18693901718154188,10958702.131741274,0,0.004902202778048902,0.0,0.0
85084660.59388547,0,0.13723629582588265,751067870.4989265,0,0.6910682380146327,0.0,0.0
1399248431.8397536,0,1.0500586728557377,0.0,0,0.0,0.0,0.0
5240317963.616795,0,4.8488031272132694,0.0,0,0.0,0.0,0.0
2216286231.2924047,0,1.9072789876056744,0.0,0,0.0,0.0,0.0
2294370648.116389,0,3.4017282217056746,0.0,0,0.0,0.0,0.0
322985260.2395688,0,0.268606467501832,0.0,0,0.0,0.0,0.0
590199799.2514629,0,0.8381295053736341,0.0,0,0.0,0.0,0.0
611407009.4380326,0,1.055244164305401,0.0,0,0.0,0.0,0.0
3207873777.2159333,0,1.9692143007586063,943336.837358817,0,0.0006773097244939243,0.0,0.0
1227404950.6613827,0,1.0664551407181013,7437789.6363364905,0,0.00417530045988398,0.0,0.0
2217327430.2162046,0,1.898037187879777,47285115.3891768,0,0.02593421769511433,0.0,0.0
842062258.2694371,0,0.4294618568596471,18001660.42423414,0,0.006265308449166493,0.0,0.0
791649514.443604,0,1.8682405526250523,4505096.333106734,0,0.002790954363926129,0.0,0.0
424294714.86433625,0,0.3069391967932184,0.0,0,0.0,0.0,0.0
2971940767.879695,0,1.829497788933803,0.0,0,0.0,0.0,0.0
995928313.613382,0,1.9385510844138143,0.0,0,0.0,0.0,0.0
1969409828.4387379,0,3.6496223049226697,20996685.17949126,0,0.010452677829246812,0.0,0.0
2155301357.3507166,0,1.8265199482485621,0.0,0,0.0,0.0,0.0
2313816508.5932117,0,3.4254494833428755,7583271.129540637,0,0.003060062317922609,0.0,0.0
1870034603.399898,0,2.888524973886492,233895881.844385,0,0.18672049591662457,0.0,0.0
2513542076.5935435,0,1.8500745035224289,0.0,0,0.0,0.0,0.0
908133113.3026652,0,0.9025874040749766,0.0,0,0.0,0.0,0.0
653510227.1859193,0,0.4418475810603249,521927263.6630615,0,0.4531890298937664,0.0,0.0
4531071520.450083,0,4.863940367770086,0.0,0,0.0,0.0,0.0
156104800.48275137,0,0.3407361454727498,182787961.64408657,0,0.24402201145242736,0.0,0.0
2832147865.0061126,0,1.8279301132585108,0.0,0,0.0,0.0,0.0
2650320044.2030735,0,1.8635826388787096,55475053.9246773,0,0.05348599146309621,0.0,0.0
2224472429.799084,0,1.8387624172479775,0.0,0,0.0,0.0,0.0
2553773406.8040066,0,1.8340245720567978,61291380.76632434,0,0.05429533073521549,0.0,0.0
2305634377.4460993,0,3.5985034518161014,0.0,0,0.0,0.0,0.0
2635719807.156039,0,3.7745753034399154,0.0,0,0.0,0.0,0.0
44017019.22975885,0,0.06301337934947915,38399582.86782779,0,0.02196266780279316,0.0,0.0
175629624.59853774,0,0.18422232043296102,43138254.007400505,0,0.02346901175697899,0.0,0.0
4163086147.4624486,0,3.061153361611897,525124128.4696828,0,0.3682099553030373,0.0,0.0
1055238564.6789067,0,0.7053342734041295,429005651.8607744,0,0.36572600640950126,0.0,0.0
965260475.1531851,0,0.8269374072865943,0.0,0,0.0,0.0,0.0
2044992113.0601192,0,1.8724704235058431,0.0,0,0.0,0.0,0.0
156380238.3314002,0,0.1348857603203979,121144849.79719824,0,0.05314719590445207,0.0,0.0
82443383.7247105,0,0.09799746917734393,0.0,0,0.0,0.0,0.0
2117131373.9732068,0,1.9192722894824925,36212717.26960553,0,0.014604140086620743,0.0,0.0
104226981.71203129,0,0.10259245767533223,742545617.3571386,0,0.546274825721583,0.0,0.0
1774844731.751843,0,2.731506341083776,0.0,0,0.0,0.0,0.0
1695166411.9008293,0,2.7019954340563364,531929063.22490484,0,0.4420229042359453,0.0,0.0
3098944006.846186,0,1.9340237085618281,0.0,0,0.0,0.0,0.0
136751038.49625272,0,0.11950345762239395,533573781.8375472,0,0.4751392677731506,0.0,0.0
2686325642.7621937,0,1.8710563529580235,0.0,0,0.0,0.0,0.0
2683393395.28275,0,2.4103296193346706,0.0,0,0.0,0.0,0.0
2283017254.8670897,0,3.7628052242173173,0.0,0,0.0,0.0,0.0
258555140.4520859,0,0.1882145565119996,299396869.3926138,0,0.2051649356322642,0.0,0.0
2796513694.60005,0,1.8460191420288181,0.0,0,0.0,0.0,0.0
226677126.76933637,0,0.20655432140423147,536651994.2110923,0,0.46589155460120524,0.0,0.0
246731516.96962738,0,0.16947280009174112,519316634.8713676,0,0.4507183119715601,0.0,0.0
2975072990.441802,0,1.8319263227188793,0.0,0,0.0,0.0,0.0
351956096.2872143,0,0.5000840005446785,0.0,0,0.0,0.0,0.0
2876671206.218336,0,1.881813616553737,0.0,0,0.0,0.0,0.0
1196106846.7960117,0,0.812263007845957,0.0,0,0.0,0.0,0.0
1501824957.9152658,0,1.9731361690788602,118503406.18477963,0,0.08331076366357433,0.0,0.0
2226290757.853962,0,1.840653334268914,0.0,0,0.0,0.0,0.0
285713926.47416216,0,0.2541140008187802,0.0,0,0.0,0.0,0.0
2302163935.467061,0,1.9191434160955319,641438.3437533817,0,0.0002299862310212412,0.0,0.0
73110095.71963297,0,0.12396947140702246,165937637.6153975,0,0.06880695145697935,0.0,0.0
2782811959.3312893,0,1.9689285707116904,90388272.33538146,0,0.039395601940404694,0.0,0.0
666491062.6483333,0,1.303570178930264,23965362.970308784,0,0.012662930753874393,0.0,0.0
1728849874.2398481,0,2.504519552582237,795706122.2954851,0,0.7920712868584219,0.0,0.0
363899631.19960904,0,0.428002513885096,4012832.6994089177,0,0.00167732021577631,0.0,0.0
2818132097.4045777,0,1.8729178418815013,0.0,0,0.0,0.0,0.0
2340816125.6814485,0,2.9102371188155023,38083657.96184218,0,0.015304203542149883,0.0,0.0
740207158.5489408,0,1.0674762012251247,134248271.41679233,0,0.05539976588623471,0.0,0.0
2223794856.021029,0,3.4845936547888563,0.0,0,0.0,0.0,0.0
447486901.9492683,0,0.7843586088171783,0.0,0,0.0,0.0,0.0
346517103.3136926,0,0.24602767236182613,474995793.47673917,0,0.37646978476556914,0.0,0.0
4500835846.416048,0,3.8459590025652863,0.0,0,0.0,0.0,0.0
3540544246.944403,0,1.938859874117437,68343791.18111503,0,0.0480860492884367,0.0,0.0
2800426400.231027,0,1.8492658922673808,0.0,0,0.0,0.0,0.0
2122122070.052268,0,1.7911033162862027,0.0,0,0.0,0.0,0.0
2629091215.7192965,0,2.041402146462552,0.0,0,0.0,0.0,0.0
1883141335.012032,0,1.8304520652457041,1892441.2755002184,0,0.001292328910262833,0.0,0.0
371250065.93281764,0,0.6250829076470458,0.0,0,0.0,0.0,0.0
1361630127.7668483,0,3.1267813500953365,0.0,0,0.0,0.0,0.0
109979337.35681775,0,0.1450161835372755,1396187813.0873432,0,1.049639426096109,0.0,0.0
3144546010.1986656,0,1.8480805370887214,277985.266201973,0,0.00011313672780096314,0.0,0.0
2394343034.910116,0,1.8695607208661544,1462995.7840877299,0,0.0007133338266788055,0.0,0.0
121046493.21438463,0,0.13278444074641352,165524980.36486965,0,0.07305876930325582,0.0,0.0
1067183615.7648056,0,0.8739288325845899,0.0,0,0.0,0.0,0.0
1362205734.8959851,0,2.813326213923298,0.0,0,0.0,0.0,0.0
746384695.6651222,0,0.6176123965923503,2782834.0648589022,0,0.0012568504874031431,0.0,0.0
171240454.21273828,0,0.13222260865066027,0.0,0,0.0,0.0,0.0
1319487836.5186548,0,1.9597012462438912,100082128.35785013,0,0.03791385517647583,0.0,0.0
1227275694.217391,0,1.08894040795167,0.0,0,0.0,0.0,0.0
347796337.4574696,0,0.43247478917477605,49991916.489025794,0,0.028791772295298956,0.0,0.0
4433510901.91189,0,4.77046529856113,0.0,0,0.0,0.0,0.0
2684801468.599739,0,3.8264689859456693,9451548.32981473,0,0.0031030174195135624,0.0,0.0
4052250580.2587433,0,2.9150388525020663,0.0,0,0.0,0.0,0.0
3347289405.507659,0,2.0580870270265903,89127068.24706964,0,0.06945287643190118,0.0,0.0
987433197.0085248,0,0.8296946307312214,0.0,0,0.0,0.0,0.0
139278132.86526397,0,0.21699219558425553,134636489.40836838,0,0.05417841145300817,0.0,0.0
2708706185.2619033,0,1.9077103998242742,0.0,0,0.0,0.0,0.0
134300495.88608038,0,0.17941123213847499,0.0,0,0.0,0.0,0.0
2249507611.8914638,0,3.471064655765611,0.0,0,0.0,0.0,0.0
110152216.4476978,0,0.1859953898008541,825299035.0863165,0,0.6890095596764855,0.0,0.0
270768271.4702236,0,0.36474905162054594,78525441.74618402,0,0.06091111993309472,0.0,0.0
3013791414.5980325,0,1.8619460055988877,58563093.57016897,0,0.046427817973781926,0.0,0.0
2979660386.072777,0,3.068043533220772,465922132.89081895,0,0.427211583193652,0.0,0.0
1889784021.3781352,0,3.149521651802602,20614141.435865626,0,0.008082516882852992,0.0,0.0
2917871482.8208604,0,1.8597906075075405,45851372.991538495,0,0.012623719238795652,0.0,0.0
448616039.29322135,0,0.6658422601539684,50255222.53209674,0,0.02257896964735772,0.0,0.0
1632937307.7767687,0,1.0698901254443705,0.0,0,0.0,0.0,0.0
1953807255.7154317,0,1.4780516778330735,0.0,0,0.0,0.0,0.0
66485857.340367265,0,0.09122828513566617,76758739.38125893,0,0.050129580563451966,0.0,0.0
3227696331.9359775,0,1.9140439924898534,0.0,0,0.0,0.0,0.0
119831212.78367737,0,0.1584783955134088,372411359.9111545,0,0.3358014501449671,0.0,0.0
2537173766.2316294,0,1.862943753276903,10737009.443063326,0,0.004263219932847588,0.0,0.0
2891750602.2975435,0,1.8763972347136462,1124145.9284024495,0,0.0003739083467351721,0.0,0.0
154738391.63435695,0,0.14105541601322286,123292248.3087361,0,0.05505706534279265,0.0,0.0
4572650778.160675,0,4.9855219959181385,0.0,0,0.0,0.0,0.0
1708353737.8952699,0,2.92594755131245,0.0,0,0.0,0.0,0.0
380418176.4598796,0,0.32837571400129195,32177612.31151449,0,0.0155013594815779,0.0,0.0
2381944972.587827,0,3.1171028086404124,22240867.223298855,0,0.011655268375973197,0.0,0.0
2204327215.655287,0,1.817814391270554,2305774.8284618678,0,0.0012212775083414642,0.0,0.0
2518362998.892229,0,1.802018656909927,0.0,0,0.0,0.0,0.0
172973354.56454116,0,0.26122109497129653,117039241.91304225,0,0.05623555659134609,0.0,0.0
163471201.58845204,0,0.1415619516883819,0.0,0,0.0,0.0,0.0
3470723689.5964055,0,1.841600050061213,0.0,0,0.0,0.0,0.0
2669590998.684861,0,1.814887212935931,1169987.8249732372,0,0.00043249074406852744,0.0,0.0
775871328.3600595,0,1.2914489016766757,26933825.954482574,0,0.012185861296205294,0.0,0.0
1038822131.0638983,0,2.403339827000141,478347376.8501222,0,0.522262186296162,0.0,0.0
3846072320.0135374,0,2.3037946473824937,0.0,0,0.0,0.0,0.0
208026179.91243076,0,0.19082278890205223,0.0,0,0.0,0.0,0.0
2024711455.440751,0,3.495761776555144,0.0,0,0.0,0.0,0.0
390560683.011323,0,0.47683414880124303,0.0,0,0.0,0.0,0.0
1346150806.2262955,0,1.937832746045882,0.0,0,0.0,0.0,0.0
167102326.0294234,0,0.19879924097384644,0.0,0,0.0,0.0,0.0
594454760.2337817,0,0.4755962820424289,0.0,0,0.0,0.0,0.0
1226134834.4542143,0,1.5233135954688306,0.0,0,0.0,0.0,0.0
3462484141.609335,0,5.070296707077972,0.0,0,0.0,0.0,0.0
2088675036.1215425,0,3.8706125673038883,0.0,0,0.0,0.0,0.0
95204885.54219921,0,0.13120804334451217,0.0,0,0.0,0.0,0.0
2553519572.6019607,0,2.4340576829283704,0.0,0,0.0,0.0,0.0
2910743468.8019724,0,2.6413552338730497,0.0,0,0.0,0.0,0.0
831251042.5553997,0,0.8467757272986944,0.0,0,0.0,0.0,0.0
763487609.9006587,0,1.297362185940076,0.0,0,0.0,0.0,0.0
333190738.74431604,0,0.563663949978409,3415350.747394087,0,0.001738340047095687,0.0,0.0
262321934.04489166,0,0.2681743427382974,0.0,0,0.0,0.0,0.0
242684450.93048826,0,0.3623294707237864,137086339.01174372,0,0.06337086803066078,0.0,0.0
630280336.2851962,0,0.4377713404698784,1152501256.2214131,0,0.839321443541811,0.0,0.0
2238880541.5846505,0,1.8720185203533561,0.0,0,0.0,0.0,0.0
1448896772.7511494,0,2.85669882883075,12542189.778485367,0,0.0063294831610202305,0.0,0.0
329829407.5540947,0,0.557995026566956,46373134.82739808,0,0.023855104788118642,0.0,0.0
3262066348.469016,0,1.9538214256413893,0.0,0,0.0,0.0,0.0
101511138.32575914,0,0.1689882120449138,5412691.367512239,0,0.0031200114466972666,0.0,0.0
3012577820.294636,0,1.8623800487785365,64974845.42264502,0,0.025979327214471288,0.0,0.0
1406582157.8007205,0,2.2032550326096625,0.0,0,0.0,0.0,0.0
93295639.42015718,0,0.09790112228079198,289379994.1506835,0,0.28954793261311623,0.0,0.0
900133722.5995604,0,0.6880233577504127,0.0,0,0.0,0.0,0.0
665649467.3417416,0,0.7109402467907204,0.0,0,0.0,0.0,0.0
349326513.4683163,0,0.7647350037692504,0.0,0,0.0,0.0,0.0
2851345295.470274,0,2.30505164526765,0.0,0,0.0,0.0,0.0
936825635.3179994,0,2.0305314165902395,3809635.3587248926,0,0.0023355714088722852,0.0,0.0
817097624.3103708,0,0.6833112712291973,0.0,0,0.0,0.0,0.0
3275408574.0393677,0,4.705237274223485,1556835.7870022412,0,0.0008638190392343549,0.0,0.0
3240799188.661169,0,2.527634962356765,20422577.555437163,0,0.008847567673784399,0.0,0.0
682364758.0942501,0,0.5087842765280909,134735662.92765597,0,0.0402685124406016,0.0,0.0
67025077.969713,0,0.12367844604813422,99260517.7585021,0,0.04778291457245459,0.0,0.0
800221092.0212582,0,1.2524743494298312,40242619.34914151,0,0.030544916705837824,0.0,0.0
600685144.2075129,0,0.9909436917866543,142806884.87732673,0,0.1397699355674673,0.0,0.0
123319635.52489825,0,0.185795698542653,0.0,0,0.0,0.0,0.0
342211201.6707914,0,0.23880356335342967,0.0,0,0.0,0.0,0.0
2495489246.315081,0,1.8245372599047927,2177716.480174573,0,0.0022349254043885275,0.0,0.0
578778570.5946567,0,0.44588801210472556,70013565.02481183,0,0.03539646104494095,0.0,0.0
2135601682.7185082,0,2.0601173765914793,9255788.683754507,0,0.005853314411514908,0.0,0.0
3618193778.0774183,0,2.3603473375604693,87113876.80914932,0,0.02896936505227393,0.0,0.0
2507705947.526237,0,2.800579612433242,0.0,0,0.0,0.0,0.0
356686092.1697878,0,0.7325924141857316,0.0,0,0.0,0.0,0.0
1883344325.089762,0,1.625712474496511,9305448.111045405,0,0.004098304928514556,0.0,0.0
112523922.64635116,0,0.0952926292740507,690500339.1943184,0,0.7220617923093584,0.0,0.0
2229686424.112778,0,3.4676977404577496,0.0,0,0.0,0.0,0.0
161427938.49911427,0,0.257095233622429,106764466.75775751,0,0.0539919320457464,0.0,0.0
191935274.80952364,0,0.28573815254389345,57413693.56555882,0,0.03575352512982612,0.0,0.0
68366332.02860796,0,0.15096920117520146,124121064.22364745,0,0.1471472256925443,0.0,0.0
2270852922.411342,0,3.511601937797987,0.0,0,0.0,0.0,0.0
2561411078.853154,0,1.9331734533344649,0.0,0,0.0,0.0,0.0
211680346.31600946,0,0.23693708330511076,0.0,0,0.0,0.0,0.0
66296991.9230064,0,0.05870625510221674,1129249821.7053766,0,0.7938671152280983,0.0,0.0
2604456467.9061155,0,1.935010062490891,274921741.3949504,0,0.270982081035475,0.0,0.0
3282667395.352419,0,1.8474756871189482,10188552.715906577,0,0.006976947500058535,0.0,0.0
1417518570.1486588,0,2.3367530892871606,0.0,0,0.0,0.0,0.0
924149678.2119312,0,1.4281675488927166,7747936.985493071,0,0.003568083453712428,0.0,0.0
361646876.08843863,0,0.32261467261894106,1102324912.5385528,0,0.8185806458077509,0.0,0.0
3129477233.3933816,0,2.136717776998278,0.0,0,0.0,0.0,0.0
252225460.85807323,0,0.2828518039319396,160067797.75305602,0,0.0746503614852894,0.0,0.0
91401590.24700892,0,0.1250500812530381,236658472.25528288,0,0.11715095417955859,0.0,0.0
1401371118.691247,0,1.3753315145587535,4171101.3022684376,0,0.002025501878043533,0.0,0.0
561072869.6743121,0,0.9343651271648428,0.0,0,0.0,0.0,0.0
1578425776.6868021,0,3.4316279962821987,0.0,0,0.0,0.0,0.0
256965908.59887668,0,0.2545326867145152,0.0,0,0.0,0.0,0.0
33946463.74471274,0,0.03113893832111171,126195233.91807425,0,0.05357509304431487,0.0,0.0
993335111.7943957,0,0.6564145053958822,98832198.60462251,0,0.03264099386895841,0.0,0.0
2485073618.563894,0,2.115149358965679,0.0,0,0.0,0.0,0.0
76998962.56889787,0,0.12578773821513964,401453611.495041,0,0.35963551076648115,0.0,0.0
3143617948.307407,0,1.8473950436442261,9024243.762402844,0,0.0036492147579892963,0.0,0.0
2592471459.7433767,0,1.871857003519904,85220166.4484514,0,0.028306717749236338,0.0,0.0
2352430428.9519362,0,1.8660482702720997,20093148.825010344,0,0.021790768507059678,0.0,0.0
2994686286.805443,0,1.8471311696798134,0.0,0,0.0,0.0,0.0
673594233.603061,0,1.2789583257595791,456333002.0986565,0,0.45049810201027474,0.0,0.0
4919983169.253304,0,5.1616293651186735,0.0,0,0.0,0.0,0.0
3320284845.444961,0,1.8740946646815104,8150358.52905526,0,0.003204536070586455,0.0,0.0
228068740.84346992,0,0.1859238655283757,117681191.22711106,0,0.0512775029427731,0.0,0.0
2446690925.7536683,0,3.719641833242341,0.0,0,0.0,0.0,0.0
99566409.87080824,0,0.168505986523445,49283629.173683465,0,0.05076295439212802,0.0,0.0
166969012.3442487,0,0.2031905132815844,102538658.69279191,0,0.1083627654222794,0.0,0.0
161677607.22894418,0,0.20115524709687993,624188346.634864,0,0.45660548344220125,0.0,0.0
4040085630.435282,0,3.45805394247382,0.0,0,0.0,0.0,0.0
264826974.9481105,0,0.25278893286718745,44249480.75872214,0,0.02037238993585384,0.0,0.0
2494674194.9209914,0,1.8332064260791672,0.0,0,0.0,0.0,0.0
3466182652.2598076,0,2.083348228589675,0.0,0,0.0,0.0,0.0
2731831817.618213,0,4.0133127551962104,0.0,0,0.0,0.0,0.0
1149606461.133847,0,1.9368377904636096,155451297.0207525,0,0.06061364093237796,0.0,0.0
64976591.74249418,0,0.054485755544255624,5549616.371397255,0,0.002473060713611438,0.0,0.0
2555833293.5652113,0,2.1707449107022603,38675933.17970494,0,0.02060853212092378,0.0,0.0
361461962.21863616,0,0.3195932456248345,0.0,0,0.0,0.0,0.0
204923211.1622203,0,0.2956732234324877,88451346.73609704,0,0.08109388021997298,0.0,0.0
2669818253.355665,0,1.8574484051290736,9567244.747956593,0,0.00441126966532917,0.0,0.0
3405982168.9715233,0,3.0959260757415024,7881111.8627128685,0,0.007165751587616045,0.0,0.0
2041248461.506257,0,1.5116732112572293,43098249.35528228,0,0.04142228579504196,0.0,0.0
308714924.1246369,0,0.46504026111345576,0.0,0,0.0,0.0,0.0
5029158738.657484,0,4.869773667756893,0.0,0,0.0,0.0,0.0
2816403955.7426863,0,1.8625278141895942,18814371.204976153,0,0.007990781972895796,0.0,0.0
1296986550.6675818,0,2.707302556830763,0.0,0,0.0,0.0,0.0
237361350.92013606,0,0.32653773622848337,175900332.78612,0,0.1014893585453825,0.0,0.0
1048349974.2543411,0,0.6996915515511963,0.0,0,0.0,0.0,0.0
1207348131.899913,0,0.7014457757651318,16445798.665320983,0,0.012344210724489454,0.0,0.0
186212077.7833745,0,0.14787117525900337,0.0,0,0.0,0.0,0.0
26485615.58537545,0,0.030259356998433705,137524923.06534898,0,0.14137460608552244,0.0,0.0
2494878681.4709187,0,1.8328142601875215,0.0,0,0.0,0.0,0.0
1896518407.5030186,0,1.100673563911151,24271131.906390075,0,0.009123941845595849,0.0,0.0
2359286765.3367844,0,1.8352332688063675,10349109.683594117,0,0.010442466759275475,0.0,0.0
1253172607.8831687,0,1.9658124596348492,0.0,0,0.0,0.0,0.0
2587196764.4479537,0,3.6037293502925536,20231546.991310336,0,0.00513250804124922,0.0,0.0
535827833.76850575,0,0.5117717161097517,0.0,0,0.0,0.0,0.0
2343784883.0072517,0,1.8200582652439616,1671429.018359949,0,0.0008469456948377132,0.0,0.0
508241410.9910792,0,0.2844082305533311,38235674.63060716,0,0.02781430960615921,0.0,0.0
934305716.5028409,0,1.368284367117947,21914015.62277104,0,0.009360622160259385,0.0,0.0
1973097055.1093857,0,3.462839782416565,0.0,0,0.0,0.0,0.0
127994122.11715205,0,0.12592678702291699,108814917.2100003,0,0.05083356334750323,0.0,0.0
93616276.89876388,0,0.09145698172685315,149409597.13393164,0,0.11983033542793643,0.0,0.0
530171720.12568927,0,0.6867604360594,0.0,0,0.0,0.0,0.0
2866302735.135444,0,2.1295629856622673,0.0,0,0.0,0.0,0.0
2690318099.891776,0,3.9829717796584374,0.0,0,0.0,0.0,0.0
1331921039.2577648,0,1.9544604551547449,0.0,0,0.0,0.0,0.0
5609512712.499414,0,5.127051530729313,0.0,0,0.0,0.0,0.0
925049843.4369506,0,0.6550266154157907,76284278.20677449,0,0.02780148806684831,0.0,0.0
127909729.95210785,0,0.12863929938835283,466514213.74771464,0,0.29580720078293693,0.0,0.0
3213522438.190586,0,1.8640185687692417,12480735.499494573,0,0.004886235633544821,0.0,0.0
1522743987.5906858,0,1.061920572142118,0.0,0,0.0,0.0,0.0
2877764334.2832675,0,1.8650198187717044,13421669.53244092,0,0.01136612273873989,0.0,0.0
333919535.0070582,0,0.7515428130762175,57411609.3529931,0,0.033013544226532104,0.0,0.0
514031862.5859475,0,0.44516144231329163,0.0,0,0.0,0.0,0.0
584366668.9125214,0,0.9523880934024138,140526556.70292297,0,0.05611620743313517,0.0,0.0
3819885810.199767,0,1.9165147426788967,0.0,0,0.0,0.0,0.0
126553750.607086,0,0.13535736841143126,47062657.14522853,0,0.034893856605579386,0.0,0.0
570763150.7498089,0,0.773012179332693,250164418.15993607,0,0.20763495342994778,0.0,0.0
747311699.0562419,0,0.5387665253772969,7103906.175607583,0,0.003428625172676312,0.0,0.0
74345759.98325616,0,0.12331863642569524,1045785187.6701787,0,0.8431050470705046,0.0,0.0
110934279.9383122,0,0.21440832634193197,105535855.53755356,0,0.05288161871151292,0.0,0.0
305010097.85990846,0,0.23605221205470017,103922633.4889116,0,0.09818647116499582,0.0,0.0
3552912807.1058316,0,2.123661746460062,11673695.830347542,0,0.004501831810049997,0.0,0.0
1878218390.9020002,0,2.811698010858923,0.0,0,0.0,0.0,0.0
1752914634.0047455,0,1.0507207660317612,4454992.806613352,0,0.0017802774018933342,0.0,0.0
3017754072.0540295,0,1.8650198187717044,17348073.737030745,0,0.014372945918279659,0.0,0.0
2689186566.6788015,0,1.873555967115553,1379789.0822819325,0,0.0012791991503557283,0.0,0.0
1748023846.3147535,0,1.2155453247559957,0.0,0,0.0,0.0,0.0
3406949948.3967643,0,2.1454756259392647,0.0,0,0.0,0.0,0.0
123152686.24278468,0,0.13242428344611024,49700158.13677423,0,0.024044143535062335,0.0,0.0
2489597655.6059647,0,1.8279301132585108,0.0,0,0.0,0.0,0.0
1856872293.383811,0,3.509723456774921,0.0,0,0.0,0.0,0.0
384242592.65108764,0,0.7827961560076448,0.0,0,0.0,0.0,0.0
3471230810.5305004,0,1.8435737402549945,0.0,0,0.0,0.0,0.0
2776531637.677843,0,2.680757045708838,0.0,0,0.0,0.0,0.0
2190733473.9645267,0,3.4422401143807,27000478.35873382,0,0.011475713492419095,0.0,0.0
3298217145.55037,0,1.9253755706738906,0.0,0,0.0,0.0,0.0
156708539.55342895,0,0.14781374860374957,0.0,0,0.0,0.0,0.0
3343673836.315614,0,2.385012068255321,305583409.5321305,0,0.243726521825343,0.0,0.0
2775472945.567666,0,1.8462453413891393,0.0,0,0.0,0.0,0.0
569455957.5134944,0,0.37726566761367036,126339857.41835633,0,0.04972718583236321,0.0,0.0
3286512567.1785464,0,2.5558490936332863,0.0,0,0.0,0.0,0.0
233132400.14867756,0,0.15354649491501368,102486822.91010058,0,0.037855038574433834,0.0,0.0
2472972603.112457,0,1.8139547632738182,0.0,0,0.0,0.0,0.0
613965442.1200277,0,1.0583346619582448,312151220.10895157,0,0.3047057668206671,0.0,0.0
490551072.3404599,0,0.7527379180146673,18733989.46650575,0,0.014732909285133232,0.0,0.0
2874131598.3691826,0,1.8621690093826773,0.0,0,0.0,0.0,0.0
3238972872.0182776,0,1.882976300766717,170084026.39867756,0,0.13356968949811657,0.0,0.0
328696464.0273093,0,0.20520544530253004,230121121.17663652,0,0.1294742460584392,0.0,0.0
1208093338.6909025,0,0.9868339431143901,0.0,0,0.0,0.0,0.0
5015078276.738735,0,3.867512249292497,12904470.617227385,0,0.003922449239327263,0.0,0.0
462676564.865793,0,0.5853292486937476,174430810.37189454,0,0.061054215095916575,0.0,0.0
548346238.7210968,0,0.4774102417674774,21210455.23036777,0,0.018884460024435334,0.0,0.0
1422159191.880311,0,2.003222859678192,150264659.58780196,0,0.052054453488364794,0.0,0.0
1078403120.0514207,0,0.7227783086667917,722653727.7094437,0,0.526479308501017,0.0,0.0
148750942.97847503,0,0.18112131322996716,164550504.7972328,0,0.20148456638108,0.0,0.0
363109367.7140014,0,0.2761158466717276,0.0,0,0.0,0.0,0.0
1181218299.5157726,0,2.0230499243034576,0.0,0,0.0,0.0,0.0
203177507.80151314,0,0.17740834201041705,332167877.87566036,0,0.3145070317175939,0.0,0.0
221452998.5092005,0,0.3236452173007854,1099935441.4611416,0,0.8616337352802753,0.0,0.0
135673385.30483997,0,0.23474802711593012,354541229.6717932,0,0.3379808807821031,0.0,0.0
2237486057.014025,0,3.950382665549511,279331567.5789166,0,0.27235032858074565,0.0,0.0
2374730833.6268415,0,1.8503531250190184,986029.6507140633,0,0.00040758442759134797,0.0,0.0
1325458349.4627357,0,1.0536353725096586,0.0,0,0.0,0.0,0.0
3270669855.8002586,0,4.062904864909857,0.0,0,0.0,0.0,0.0
1079840533.9145823,0,1.9101757140137314,5555634.622993147,0,0.0026910115493048196,0.0,0.0
57076258.79279144,0,0.12492690243438109,617188677.5496191,0,0.7018462654848191,0.0,0.0
637449019.9468323,0,0.6224021552831511,0.0,0,0.0,0.0,0.0
227875379.93777555,0,0.36052445552594103,0.0,0,0.0,0.0,0.0
1393189273.283299,0,3.1694149605733837,0.0,0,0.0,0.0,0.0
398608102.6238644,0,0.3159950253740152,9134071.188835744,0,0.003568083453712428,0.0,0.0
241748269.0874977,0,0.2476015082399056,16984807.014520336,0,0.01704939465716459,0.0,0.0
174832315.2568351,0,0.18317045285123865,19176920.0047602,0,0.020716998708085174,0.0,0.0
333617712.45423174,0,0.3097629793424016,0.0,0,0.0,0.0,0.0
94878242.23650198,0,0.11240170571803515,0.0,0,0.0,0.0,0.0
1431528452.6309788,0,1.0500586728557377,0.0,0,0.0,0.0,0.0
4451516943.000538,0,4.867845459564256,0.0,0,0.0,0.0,0.0
1471309576.125978,0,1.9064092850057222,19237862.620221272,0,0.01988822936496367,0.0,0.0
863198012.927871,0,0.6924415889629716,83141157.43387936,0,0.04191794623725311,0.0,0.0
2481411665.4039288,0,1.8115695356723096,4105968.7225185037,0,0.0020455973788006936,0.0,0.0
1238165654.0024946,0,2.446343169640798,57968207.498847894,0,0.028046299050175128,0.0,0.0
2562094802.679653,0,1.9574935283826729,0.0,0,0.0,0.0,0.0
2411414975.4761357,0,1.8870401265254448,31080850.100370783,0,0.03206349999211386,0.0,0.0
583866064.6225545,0,0.5442558618407352,24747072.856406942,0,0.01243484900702591,0.0,0.0
2374730833.6268415,0,1.8503531250190184,0.0,0,0.0,0.0,0.0
2349228556.6618056,0,3.43981941914064,0.0,0,0.0,0.0,0.0
2588660954.200299,0,1.5375389442074723,0.0,0,0.0,0.0,0.0
4399696948.467071,0,4.820415169952817,0.0,0,0.0,0.0,0.0
1670398325.2685819,0,1.5289342204636476,4770379.778974295,0,0.0027282958008804205,0.0,0.0
354265272.31659377,0,0.28049848043412634,22801133.83896873,0,0.00926817096209484,0.0,0.0
552897514.5330752,0,0.48326241517872215,0.0,0,0.0,0.0,0.0
2186448404.480114,0,1.8597753599289621,0.0,0,0.0,0.0,0.0
900795396.2825093,0,0.7325533914021823,0.0,0,0.0,0.0,0.0
2312351958.695169,0,3.6107930739385363,0.0,0,0.0,0.0,0.0
804723883.9519787,0,0.6048007330147144,17724280.29792558,0,0.008840989836443842,0.0,0.0
1873401800.5129251,0,3.750785388650394,0.0,0,0.0,0.0,0.0
1998229546.2468357,0,3.9130705527577074,164233623.68247423,0,0.17779809270095176,0.0,0.0
398523331.0993203,0,0.6067023664451363,0.0,0,0.0,0.0,0.0
1759169159.1236887,0,3.5212460968136643,0.0,0,0.0,0.0,0.0
562921217.5311425,0,0.8138891193719424,655484515.4461495,0,0.6003651623651399,0.0,0.0
1693102072.0177157,0,3.500312200580351,0.0,0,0.0,0.0,0.0
329303569.410515,0,0.2877576091762635,608530997.5356934,0,0.6706497191761096,0.0,0.0
2126775949.271521,0,3.9992560758696882,0.0,0,0.0,0.0,0.0
2847797864.4434657,0,1.840653334268914,0.0,0,0.0,0.0,0.0
783417390.4668931,0,0.5977924165121383,0.0,0,0.0,0.0,0.0
117348391.97326614,0,0.23202567864116885,136115636.30579254,0,0.1500789141818588,0.0,0.0
92882922.94255562,0,0.1576065648897018,129121944.92910136,0,0.06966160430711248,0.0,0.0
6315606527.464508,0,4.889624454658219,0.0,0,0.0,0.0,0.0
3255664605.847562,0,2.365965184497438,0.0,0,0.0,0.0,0.0
409353428.32221097,0,0.34719082751974406,0.0,0,0.0,0.0,0.0
167243314.62043774,0,0.19906093260555482,125611521.09894654,0,0.06790432187709419,0.0,0.0
15862172.372906249,0,0.01282796021007786,211326460.62672478,0,0.07106090034918067,0.0,0.0
2276623505.4053173,0,3.637221426755055,0.0,0,0.0,0.0,0.0
592427614.4201097,0,1.0050911830828884,239206.89163187152,0,0.00012373513553355251,0.0,0.0
2101189766.779327,0,1.8438552696120145,104057292.49704845,0,0.08846448413800703,0.0,0.0
2168294484.08894,0,3.0226466893399815,0.0,0,0.0,0.0,0.0
1124021428.512291,0,1.948889441478464,867167581.2056192,0,0.7426277416245581,0.0,0.0
2627926260.0844593,0,1.8200582652439616,18463590.059145786,0,0.00798622990589908,0.0,0.0
191145860.83568454,0,0.19481515212508332,0.0,0,0.0,0.0,0.0
565149962.1177785,0,0.9062518302139941,35022842.89912394,0,0.017482302102192537,0.0,0.0
153356815.3872453,0,0.14749788039262268,109867955.00706431,0,0.05032031040062718,0.0,0.0
945050545.2450052,0,1.165859029842018,329920135.8847921,0,0.2886270353165441,0.0,0.0
2965541463.2320747,0,1.8245372599047927,0.0,0,0.0,0.0,0.0
234079254.33643,0,0.28881005910829555,208203555.75217935,0,0.18036652842445663,0.0,0.0
3319983187.39916,0,1.8738811131730158,0.0,0,0.0,0.0,0.0
3223317693.157652,0,1.8702708617322485,0.0,0,0.0,0.0,0.0
95056674.45963427,0,0.09239513422695289,0.0,0,0.0,0.0,0.0
1216942262.277204,0,1.0552407663329038,0.0,0,0.0,0.0,0.0
2713420409.190329,0,1.8524731376293313,0.0,0,0.0,0.0,0.0
280382356.7572388,0,0.31862682434221523,594498645.3151662,0,0.653401955003221,0.0,0.0
702890634.1080339,0,1.2645293842644467,462119078.6157376,0,0.46876861834021677,0.0,0.0
949580842.2994701,0,1.3608840549784695,0.0,0,0.0,0.0,0.0
5377485126.498283,0,5.126100843944215,0.0,0,0.0,0.0,0.0
408048818.29577816,0,0.4292626852754553,58163270.74115184,0,0.03634339169456147,0.0,0.0
190625648.63086075,0,0.23328775876404584,0.0,0,0.0,0.0,0.0
3388933330.912872,0,2.585114252159352,0.0,0,0.0,0.0,0.0
234933903.14103523,0,0.3095869254587141,0.0,0,0.0,0.0,0.0
807364264.4503783,0,0.8106273681944014,0.0,0,0.0,0.0,0.0
95041688.8371324,0,0.2117397497996635,0.0,0,0.0,0.0,0.0
249233836.9952475,0,0.13151059042939087,43745761.957169764,0,0.015302213820618086,0.0,0.0
145694890.3440333,0,0.19896364629704588,240155400.99480796,0,0.19118688167984052,0.0,0.0
321114063.3448627,0,0.4736270468530514,69856456.91134082,0,0.03784508774493122,0.0,0.0
1313499173.61525,0,1.9989027054240915,143653483.23477745,0,0.050786220489092856,0.0,0.0
271032445.90843356,0,0.5601228450162855,38375994.85888787,0,0.02073935660409999,0.0,0.0
619030419.5918019,0,0.5994534343792711,0.0,0,0.0,0.0,0.0
118082280.67254245,0,0.22059597129674283,1084312590.5861967,0,0.9430758786836929,0.0,0.0
2893589605.2186465,0,1.838789250226038,0.0,0,0.0,0.0,0.0
138987686.00261056,0,0.14853503142863145,0.0,0,0.0,0.0,0.0
2682459569.8288455,0,1.8683858228593042,21168530.56621347,0,0.019324572980088574,0.0,0.0
482057757.64722097,0,0.47746054479675765,470115008.7543267,0,0.4460655176851485,0.0,0.0
596757361.6591493,0,0.8320215404401958,90481877.49853107,0,0.035977207367964656,0.0,0.0
917095123.9476905,0,1.3949034221328207,35273365.49654504,0,0.01567560338009517,0.0,0.0
2713376327.669325,0,3.533227429225796,0.0,0,0.0,0.0,0.0
2496033914.9652147,0,3.371000066766278,183733615.29325733,0,0.13235768442416865,0.0,0.0
3526170227.500448,0,1.878614883464557,32077595.067264993,0,0.01146022575000381,0.0,0.0
117241375.121871,0,0.11853750486809755,48068505.64067467,0,0.025706134943239596,0.0,0.0
2729870409.4697905,0,1.9094040276152229,0.0,0,0.0,0.0,0.0
2200388779.08927,0,1.874666411090741,5217962.812663326,0,0.0030743703334993096,0.0,0.0
462614849.89462227,0,0.7583461179264334,52013226.81366894,0,0.022219090336576566,0.0,0.0
2284376488.758858,0,2.9473229959485363,0.0,0,0.0,0.0,0.0
3433034835.1819267,0,2.899404157121979,0.0,0,0.0,0.0,0.0
1320997141.8295496,0,0.8919249771245739,0.0,0,0.0,0.0,0.0
1209786710.455988,0,1.1734541521513946,0.0,0,0.0,0.0,0.0
447301689.98040026,0,0.5016941435964556,230411990.88945308,0,0.25559185597582307,0.0,0.0
1510131891.8278916,0,1.693160822599401,0.0,0,0.0,0.0,0.0
63790198.502385035,0,0.05414406737999014,30291608.68282648,0,0.01272800119715957,0.0,0.0
2960853035.974314,0,1.8231517187148027,3611720.858969711,0,0.0018088570049500001,0.0,0.0
526411669.21611094,0,0.6261333569891148,0.0,0,0.0,0.0,0.0
2912225762.017677,0,1.7971542022487514,0.0,0,0.0,0.0,0.0
140600701.1755565,0,0.2172756649514203,34608508.79711071,0,0.023557078100041783,0.0,0.0
674815832.2285166,0,0.7905254494592882,0.0,0,0.0,0.0,0.0
239454391.1187383,0,0.3451515786008844,90862199.66224517,0,0.07688922040657488,0.0,0.0
1020538939.0179166,0,1.0742141768191518,0.0,0,0.0,0.0,0.0
30974923.378869325,0,0.05344854090824998,155656274.8335644,0,0.14955734925219896,0.0,0.0
1064611011.8851265,0,0.7380713528279753,13693022.784141745,0,0.006305989952206784,0.0,0.0
135447787.44774687,0,0.2340430315915756,51391137.3604134,0,0.026109955629549625,0.0,0.0
2615844379.791338,0,1.9353416831778412,0.0,0,0.0,0.0,0.0
3047108652.979564,0,2.802646443503358,0.0,0,0.0,0.0,0.0
3733410309.7237706,0,2.1877038193777114,60827459.36354715,0,0.01520071317045429,0.0,0.0
2330381538.784107,0,1.3307938800534216,171804000.8582967,0,0.05298651332731172,0.0,0.0
2266071495.877842,0,3.3706144494306423,0.0,0,0.0,0.0,0.0
355911992.4886535,0,0.21961092555665235,923363065.0875698,0,0.6970354177395328,0.0,0.0
1057597506.1380428,0,1.881076386785947,4254043.1607263535,0,0.001980439379335975,0.0,0.0
1332400113.5048342,0,1.0188394147505078,0.0,0,0.0,0.0,0.0
552895256.4278445,0,0.753029345496911,1183005835.5902147,0,0.9062471849228545,0.0,0.0
640085645.0417547,0,0.5599932422375342,0.0,0,0.0,0.0,0.0
546853205.2776475,0,0.5024800954598552,108587512.58566542,0,0.05070355179785213,0.0,0.0
622811256.0696504,0,0.6212979014858508,0.0,0,0.0,0.0,0.0
184149878.0887121,0,0.16938441162184126,71660286.33066541,0,0.0517079058710001,0.0,0.0
314395267.9549869,0,0.5013445538289626,153494327.94071782,0,0.12871272810007245,0.0,0.0
3521152480.992754,0,5.346244306350254,0.0,0,0.0,0.0,0.0
251466305.57565165,0,0.24074737293992354,418813746.74141407,0,0.3236223977199786,0.0,0.0
116272546.0124877,0,0.2117706887769794,79816772.2788006,0,0.0535122299964971,0.0,0.0
1642962981.8331726,0,3.403287876129695,0.0,0,0.0,0.0,0.0
411845844.72057736,0,0.5483147316757201,895448698.5070225,0,0.6712948411579069,0.0,0.0
465850677.1008766,0,0.5844853045184902,0.0,0,0.0,0.0,0.0
3395878286.8778296,0,3.413120587469395,0.0,0,0.0,0.0,0.0
1305979075.045947,0,1.145808470188552,0.0,0,0.0,0.0,0.0
637643633.6909997,0,0.5387743810886472,127003048.40620062,0,0.04233412358637799,0.0,0.0
2847797864.4434657,0,1.840653334268914,0.0,0,0.0,0.0,0.0
2643371824.8944635,0,3.8712088143887473,0.0,0,0.0,0.0,0.0
961429722.3404943,0,1.238026800513245,119676042.17256756,0,0.05615268214985143,0.0,0.0
1933906787.0063996,0,1.8323066085179238,0.0,0,0.0,0.0,0.0
367742696.23367774,0,0.48426063677235204,0.0,0,0.0,0.0,0.0
387788330.8910767,0,0.4590571554332817,253765.55245185114,0,0.0001530444937805321,0.0,0.0
986104375.0764335,0,0.8280237409960348,0.0,0,0.0,0.0,0.0
1246464153.231321,0,2.860813726314042,7034623.92000318,0,0.004175096721860984,0.0,0.0
3425701876.730522,0,2.5111164485445396,0.0,0,0.0,0.0,0.0
2534315437.9831123,0,2.1472014949258393,0.0,0,0.0,0.0,0.0
959507644.7465208,0,0.6851180266610242,0.0,0,0.0,0.0,0.0
1560051268.3593807,0,1.614530516982812,22288716.770861335,0,0.009514566671296394,0.0,0.0
2121863001.9928095,0,2.034985166551664,0.0,0,0.0,0.0,0.0
472245345.8153563,0,0.43251109480079575,278791783.1514933,0,0.23383451017439705,0.0,0.0
3313841485.254938,0,1.8695341024281245,35152098.05387238,0,0.021204760444079186,0.0,0.0
530005884.6861448,0,0.8772640676889187,0.0,0,0.0,0.0,0.0
3185107772.9148235,0,2.108376505617922,0.0,0,0.0,0.0,0.0
2213711660.4163704,0,2.6095584701774195,0.0,0,0.0,0.0,0.0
894715546.0491047,0,0.839039093308191,0.0,0,0.0,0.0,0.0
2742174776.5780606,0,1.8771445906751056,0.0,0,0.0,0.0,0.0
238447799.67233965,0,0.3560233053981444,386784396.7017031,0,0.29507680424020344,0.0,0.0
192449610.2656211,0,0.13428795340415559,95704000.10527876,0,0.05665790216218958,0.0,0.0
1651200849.8984113,0,2.535801175841476,0.0,0,0.0,0.0,0.0
2863930248.2412534,0,1.8537689046286538,390579845.1656949,0,0.3163608875590627,0.0,0.0
1891843233.945345,0,1.8166265275813633,0.0,0,0.0,0.0,0.0
2410811182.6018553,0,1.889564459006878,0.0,0,0.0,0.0,0.0
3147622497.702802,0,1.8503531250190184,0.0,0,0.0,0.0,0.0
3692662368.418373,0,3.5531437304968536,0.0,0,0.0,0.0,0.0
2511671776.4359074,0,1.8679853822832089,5589317.877268999,0,0.002832693132085954,0.0,0.0
494693276.9067701,0,0.33043974263592335,506556814.9700103,0,0.4302758153272894,0.0,0.0
457976380.418489,0,0.746762097638556,0.0,0,0.0,0.0,0.0
2523756102.722784,0,1.850578612003646,0.0,0,0.0,0.0,0.0
757072153.3639642,0,0.9045144637170617,0.0,0,0.0,0.0,0.0
217882507.38082635,0,0.293553342486395,83320842.3940456,0,0.037329730562840995,0.0,0.0
2334611784.0604534,0,1.8110786922514852,0.0,0,0.0,0.0,0.0
407097383.7788174,0,0.35395181669598486,0.0,0,0.0,0.0,0.0
1937976219.8160965,0,3.3595763969791594,0.0,0,0.0,0.0,0.0
3531347428.43795,0,2.077196096374708,0.0,0,0.0,0.0,0.0
1950991908.400986,0,1.973868498649097,18230879.4499111,0,0.02371495138368338,0.0,0.0
123257334.07721503,0,0.10363748996869916,1249495855.8578434,0,0.9122592673465736,0.0,0.0
2296587385.559829,0,1.4909144215427557,168043107.52180785,0,0.14065770113353937,0.0,0.0
243184724.39972395,0,0.17763268549337585,4459769.3211536165,0,0.002244296228727114,0.0,0.0
3185798255.3879166,0,1.8785640520947542,0.0,0,0.0,0.0,0.0
277001521.7244939,0,0.2109049588515657,48240701.171047226,0,0.04772703489039,0.0,0.0
1087194954.4203534,0,0.8113347276720915,3034176.5522444625,0,0.0012207292621736407,0.0,0.0
852671505.3479352,0,1.3173484415151535,70271555.63693544,0,0.029436360422665925,0.0,0.0
2121215867.2467713,0,2.4341430092854903,0.0,0,0.0,0.0,0.0
1240217060.2350764,0,2.84544615196788,111487248.41386369,0,0.13587864585368134,0.0,0.0
2194451666.825469,0,1.8683239523172224,11211612.373600494,0,0.01262002886252029,0.0,0.0
94007693.96181951,0,0.17107000265823805,183835533.7362426,0,0.19161146948548272,0.0,0.0
3042449192.201486,0,3.856709028424538,19760394.252319314,0,0.007554025115017829,0.0,0.0
267113467.55133033,0,0.2911353555377558,215127725.19215122,0,0.07262609067238256,0.0,0.0
19659121.106738057,0,0.020495350077077673,120612038.95022851,0,0.10534167051869245,0.0,0.0
2566123316.2133236,0,3.695219559598152,0.0,0,0.0,0.0,0.0
1812793742.1863487,0,1.0982709196659979,103103240.17576158,0,0.043797570008466874,0.0,0.0
89955671.22726372,0,0.12152978423555329,430346672.49223125,0,0.3113586683262178,0.0,0.0
2234783176.078749,0,3.299461373589038,0.0,0,0.0,0.0,0.0
1325051666.6004393,0,2.056298871604633,98886184.23383656,0,0.04174570965283399,0.0,0.0
2570634084.705937,0,1.8492658922673808,0.0,0,0.0,0.0,0.0
1923932101.239301,0,1.5150776344031547,119104904.59637763,0,0.048363129762707235,0.0,0.0
941972867.7842634,0,0.8791148356289286,0.0,0,0.0,0.0,0.0
2660808477.446394,0,1.8502757564791739,42835873.7212445,0,0.02041029444144475,0.0,0.0
162813905.75210717,0,0.23458257196521304,2441787.8520437204,0,0.0011497877004229419,0.0,0.0
250473070.86717844,0,0.2682880970604361,2732605.525391519,0,0.0014581273202025464,0.0,0.0
462044825.8367282,0,0.8017575068967784,0.0,0,0.0,0.0,0.0
1405573591.148134,0,1.0263454745395988,0.0,0,0.0,0.0,0.0
1971860739.8883128,0,1.453668087448098,26838655.860129744,0,0.013148542107691919,0.0,0.0
2897570669.8884206,0,2.2680471920191643,0.0,0,0.0,0.0,0.0
2855553190.938457,0,2.7611389002041715,9781624.783100113,0,0.004958304030155007,0.0,0.0
2524217311.4055467,0,1.8612037365058356,11502359.547727372,0,0.005906815924298018,0.0,0.0
4327112319.079345,0,3.466638899013924,0.0,0,0.0,0.0,0.0
3292977945.976748,0,4.102279211084191,0.0,0,0.0,0.0,0.0
288120403.44168925,0,0.2475841219183374,48366118.246399745,0,0.023504284802187688,0.0,0.0
2459653065.621181,0,3.5078156640628446,0.0,0,0.0,0.0,0.0
490392104.3531153,0,0.9632793881107604,8068661.71206714,0,0.0043513369177068245,0.0,0.0
3706271063.274818,0,2.1495830481281755,8589119.901547126,0,0.003185187117888331,0.0,0.0
118045366.52995354,0,0.15661029417092548,11968391.013324052,0,0.006212727868943831,0.0,0.0
2579319606.8601484,0,3.5090667374364064,0.0,0,0.0,0.0,0.0
2889261402.5860434,0,1.8958006487481336,44805821.39092183,0,0.03916937003403799,0.0,0.0
564862719.7482003,0,1.017382721784673,0.0,0,0.0,0.0,0.0
671531489.7449079,0,1.160749597418742,0.0,0,0.0,0.0,0.0
3321519566.849857,0,1.8749687603902907,0.0,0,0.0,0.0,0.0
5038280332.019416,0,4.928109911310299,0.0,0,0.0,0.0,0.0
641490929.4930555,0,1.2742990690829938,538056103.2230016,0,0.5507532708434225,0.0,0.0
190342226.5471896,0,0.25059976622103397,60132354.549960315,0,0.051366731623145034,0.0,0.0
2875827902.584906,0,1.9140691807817052,14908182.654239954,0,0.00599868768212306,0.0,0.0
1486896879.1681268,0,2.0056922126815406,154692375.02157328,0,0.0495115937265411,0.0,0.0
2115867161.5593812,0,1.9431501193289278,0.0,0,0.0,0.0,0.0
1466722014.3410888,0,1.036626069992986,0.0,0,0.0,0.0,0.0
98941488.59639551,0,0.2170637748281352,659078522.6835626,0,0.7008356182506453,0.0,0.0
2686992732.997846,0,1.8941480555331431,2874279.8289984493,0,0.0014961538785332278,0.0,0.0
1444067470.5770705,0,2.4916401429233046,109104198.88574982,0,0.040241757928998034,0.0,0.0
428765440.5521337,0,0.518553894596423,2775227.6048146263,0,0.0017236533518574136,0.0,0.0
2097253196.0376859,0,1.5188654008882276,0.0,0,0.0,0.0,0.0
2342752445.2316837,0,1.8190476583760498,5491215.334007122,0,0.0029467757417178247,0.0,0.0
3164721797.1548886,0,2.23294752341081,0.0,0,0.0,0.0,0.0
2561687249.5192723,0,1.9446036984901864,168043546.11355513,0,0.1664901342922883,0.0,0.0
2383454289.223811,0,1.3604468887814005,0.0,0,0.0,0.0,0.0
358242225.8378879,0,0.4862088201449216,163562515.6640286,0,0.1734079476234996,0.0,0.0
1813976648.430766,0,1.4880208849258145,0.0,0,0.0,0.0,0.0
58888500.12656461,0,0.08900344909501118,37414807.61949452,0,0.024388886563894752,0.0,0.0
3665674024.260673,0,3.908398665074851,0.0,0,0.0,0.0,0.0
3536621507.8850856,0,2.6160538209199142,0.0,0,0.0,0.0,0.0
259616997.97096232,0,0.2030793874683795,444460568.69468343,0,0.3690449910601033,0.0,0.0
3955553890.839931,0,4.300690808463722,0.0,0,0.0,0.0,0.0
221993813.13470468,0,0.23318723304277988,0.0,0,0.0,0.0,0.0
2972261946.6838355,0,1.8297468002397022,5992600.86029082,0,0.002468709486127046,0.0,0.0
614126021.6924,0,1.0938171084545834,0.0,0,0.0,0.0,0.0
767379560.7686794,0,1.1092258561082566,86414034.82156406,0,0.038738192700061805,0.0,0.0
152627651.36958233,0,0.17812935460428747,137637347.79974085,0,0.14741261940578287,0.0,0.0
556755385.0340903,0,0.600774336417518,0.0,0,0.0,0.0,0.0
338544647.26386404,0,0.5163501379860398,0.0,0,0.0,0.0,0.0
144067244.45362556,0,0.21500674308395482,388692266.54361606,0,0.3873935400420143,0.0,0.0
1052745768.8067131,0,0.7032919096863534,59593681.29262758,0,0.05195682052835483,0.0,0.0
326886659.3910552,0,0.23441520690190112,210810659.96908498,0,0.06997904831396912,0.0,0.0
196164621.6511139,0,0.13869415900981816,140725301.2275276,0,0.05012072105754155,0.0,0.0
328965809.03796947,0,0.2536599373921413,14164493.875593841,0,0.007354208046156618,0.0,0.0
2091658362.574108,0,3.448685765963973,0.0,0,0.0,0.0,0.0
2532786121.711248,0,1.8826000897325932,0.0,0,0.0,0.0,0.0
233570800.27260178,0,0.2740538506833245,530779961.3729331,0,0.6380554023177942,0.0,0.0
2977779810.589126,0,1.8340245720567978,2764512.9914340726,0,0.0008300669065814152,0.0,0.0
125539889.7984054,0,0.21394707110047587,34252014.82225827,0,0.016225893472927154,0.0,0.0
792485852.8758252,0,0.8181190514902652,0.0,0,0.0,0.0,0.0
2955145313.622959,0,1.932783446729125,19401370.05017421,0,0.008710998191403113,0.0,0.0
251022705.61944157,0,0.18859978115382658,63274953.15927431,0,0.04736791501998397,0.0,0.0
2410059731.0906744,0,1.8906243121148174,87939803.99637665,0,0.07300146932863907,0.0,0.0
413345662.068817,0,0.2615541118654132,93176431.08065498,0,0.03728462576400573,0.0,0.0
2845504923.2711954,0,1.838789250226038,138723935.6764136,0,0.11444579081318515,0.0,0.0
2659872094.516273,0,2.338671453895167,0.0,0,0.0,0.0,0.0
978009418.4353245,0,0.7013772018347024,50168429.22312884,0,0.023576252959596374,0.0,0.0
440230070.0710036,0,0.7562455531717388,110641692.82310852,0,0.047564389941641215,0.0,0.0
144984130.33162457,0,0.23258842767608418,141196917.2136678,0,0.09703841777979506,0.0,0.0
184028456.47816557,0,0.2443275101519695,147624518.4542365,0,0.072533907330385,0.0,0.0
2570161081.717897,0,3.6694084453803146,0.0,0,0.0,0.0,0.0
2994686286.805443,0,1.8471311696798134,0.0,0,0.0,0.0,0.0
3316331409.77479,0,1.8729534077187675,73818336.65075459,0,0.05649084799066757,0.0,0.0
109732675.56246653,0,0.12466996315257986,0.0,0,0.0,0.0,0.0
406153154.239812,0,0.43354028923181387,0.0,0,0.0,0.0,0.0
74564881.96470094,0,0.07461039241985634,106744557.34663174,0,0.049761763759283976,0.0,0.0
3098017341.1596355,0,2.2760368625251406,0.0,0,0.0,0.0,0.0
284500743.5777799,0,0.2712890274400706,364728404.35097194,0,0.32238270242272576,0.0,0.0
3114489517.0961103,0,1.7911033162862027,0.0,0,0.0,0.0,0.0
214615673.77626884,0,0.2154636538426249,320328882.1108397,0,0.32071890741002196,0.0,0.0
1461532247.3224337,0,1.1731867746181082,0.0,0,0.0,0.0,0.0
2708510586.29556,0,3.585869355955695,2008932.801332403,0,0.0007059605782662137,0.0,0.0
157627885.8704794,0,0.2320175802458672,0.0,0,0.0,0.0,0.0
1292256096.655749,0,1.8952556119418407,0.0,0,0.0,0.0,0.0
378262892.4454463,0,0.34000187949564176,0.0,0,0.0,0.0,0.0
2724350647.023617,0,1.8618494046999228,0.0,0,0.0,0.0,0.0
359976912.933452,0,0.35469587820341364,0.0,0,0.0,0.0,0.0
4125313425.3738093,0,4.222250298774032,0.0,0,0.0,0.0,0.0
2280145367.1893015,0,3.3492032166180965,62487797.2002364,0,0.03640265555283942,0.0,0.0
431156092.225183,0,0.4526014354779372,0.0,0,0.0,0.0,0.0
2969874827.346821,0,1.9908925280606375,0.0,0,0.0,0.0,0.0
3765336961.8139095,0,2.5742228327221093,53633367.438422516,0,0.04114628287721368,0.0,0.0
3020024970.2592306,0,1.9256738757894745,0.0,0,0.0,0.0,0.0
2352028161.784736,0,1.8281270832886727,19855367.245858736,0,0.010424567670922268,0.0,0.0
2805037684.0702496,0,4.003814116984796,91997105.83655466,0,0.0421755498222162,0.0,0.0
4134984028.9845686,0,4.332829123185398,0.0,0,0.0,0.0,0.0
1965258976.9288616,0,1.4892299800627873,0.0,0,0.0,0.0,0.0
589878748.4080896,0,0.6096903307743542,0.0,0,0.0,0.0,0.0
2813540061.662944,0,3.6647008037708337,0.0,0,0.0,0.0,0.0
2720474615.1287713,0,1.9085367093234888,338323885.40127707,0,0.2908163834094157,0.0,0.0
3537019422.211179,0,1.9039192947931975,9736745.485757133,0,0.002637881259490907,0.0,0.0
2370443410.569667,0,1.9287633389611598,16495916.43898005,0,0.009313713128238728,0.0,0.0
510244512.3756806,0,0.4773987413802057,892703635.7284483,0,0.9738863653004973,0.0,0.0
2592029076.197612,0,1.9134087011580867,0.0,0,0.0,0.0,0.0
58553608.363532245,0,0.05524686208720768,382594848.10295653,0,0.3057756450741134,0.0,0.0
2518362998.892229,0,1.802018656909927,0.0,0,0.0,0.0,0.0
1319250712.2597418,0,1.13364134775589,0.0,0,0.0,0.0,0.0
1557413164.943832,0,2.529350495138614,41907984.1427312,0,0.01699306840179258,0.0,0.0
